tree
version=v4
num_class=1
num_tree_per_iteration=1
label_index=0
max_feature_idx=8
objective=binary sigmoid:1
feature_names=ARV AVS JCODE T30_I55_PS T30_I60_PS footprint_area_m2 GSI_fire GSI_slope_failure GSI_tsunami
feature_infos=[0.67000000000000004:2.0800000000000001] [168.90000000000001:641.29999999999995] -1:9:4:8:5:6:2:10:11:0:1:7 [0.0018:0.076913999999999996] [0.00013200000000000001:0.027969999999999998] [4.5178310893859126e-05:31124.590603130346] [0:1] [0:1] [0:1]
tree_sizes=3389 3397 3374 3366 3431 3404 3399 3422 3433 3436 3426 3418 3476 3448 3392 3443 3449 3449 3488 3468 3446 3445 3416 3440 3486 3443 3466 3452 3418 3449 3484 3416 3475 3447 3435 3437 3435 3428 3434 3495 3452 3479 3453 3476 3455 3451 3475 3445 3442 3413 3496 3472 3469 3465 3463 3476 3452 3427 3485 3456 3493 3485 3443 3426 3404 3492 3540 3510 3438 3429 3465 3436 3445 3481 3457 3483 3491 3476 3423 3446 3428 3468

Tree=0
num_leaves=31
num_cat=2
split_feature=2 3 3 1 8 6 3 3 3 5 2 3 0 3 3 3 5 3 3 3 3 3 3 3 3 3 5 3 3 3
split_gain=272704 142645 33795.4 29863.9 23409.6 27725.4 29795 23827.8 13278.5 12828.5 12579.6 17713.5 7958.99 7808.9 6876.3 6616.78 5421.7 5350.45 4165.42 3921.2 3007.58 2678.69 3705.32 2485.43 4368.38 2399.65 4090.94 2191.01 3363.93 2446.25
threshold=0 0.041575000000000008 0.021885000000000005 325.15000000000003 1.0000000180025095e-35 1.0000000180025095e-35 0.020553000000000005 0.030005500000000004 0.059394000000000009 41.498645504170092 1 0.014840500000000001 1.0450000000000002 0.039514500000000008 0.010638500000000002 0.008402500000000002 124.94847073856418 0.039777500000000007 0.012942500000000001 0.0021455000000000003 0.010738500000000002 0.021253500000000005 0.021173500000000001 0.020851000000000005 0.020813500000000002 0.038022500000000008 123.88608065021381 0.021053000000000006 0.021115500000000002 0.021085500000000004
decision_type=9 2 2 2 2 2 2 2 2 2 9 2 2 2 2 2 2 2 2 2 2 2 2 2 2 2 2 2 2 2
left_child=1 4 3 -2 5 6 9 21 -4 -1 18 12 19 25 15 -11 -3 -15 -5 -12 -21 22 23 24 -8 26 -9 -25 29 -29
right_child=2 16 8 10 -6 -7 7 13 -10 14 11 -13 -14 17 -16 -17 -18 -19 -20 20 -22 -23 -24 27 -26 -27 -28 28 -30 -31
leaf_value=-2.6886284760096126 -2.5217974436473605 -3.3790207507506382 -3.4602306358360968 -3.185733314582829 -1.9586616227162337 -1.8073914203318029 -3.0463652153589096 -3.0917737227287008 -2.7961997984093334 -2.2587230297078378 -2.3724160209191658 -3.3308497028685142 -2.1418346079290611 -3.4670678406444337 -2.1090932824569921 -3.0819883367364773 -3.0284137205247119 -2.6428941129497154 -3.492159537694401 -3.2552560375539032 -2.7168599398156292 -3.3184959476397435 -2.3171766526907107 -3.5309349594884556 -2.2061592026427994 -2.3279370819665166 -2.3704121403154694 -3.1867351483132071 -3.5309349594884556 -2.1230294565152654
leaf_weight=127.09405922889709 279.67288034409285 245.57316012494266 734.10040708445013 328.9096702542156 528.1938865147531 229.62492442131042 60.251473167911172 29.547275824472308 83.888848235830665 75.221849394962192 39.201831033453345 129.70489093661308 67.724503705278039 25.396515509113669 890.94573372602463 36.129067288711667 200.11918543092906 87.6717658508569 167.32272137328982 47.069315647706389 57.780996611341834 61.081145506352186 21.381552029401064 33.361499663442373 20.814117800444365 473.25336885266006 58.701211551204324 9.4247714355587959 15.868469839915631 12.672743290662766
leaf_count=2306 4170 7742 24299 9137 2110 244 1511 767 1697 738 471 3968 511 844 6157 931 4949 1513 5642 1371 1080 1854 234 1150 183 5278 703 262 547 91
internal_value=-3.47939 -2.39419 -3.14964 -2.96916 -2.25845 -2.32826 -2.38692 -2.59992 -3.39213 -2.2154 -3.11852 -2.88802 -2.58888 -2.44891 -2.15539 -2.52584 -3.2216 -2.82801 -3.29282 -2.79905 -2.95856 -3.03368 -2.93356 -3.02004 -2.83064 -2.37257 -2.61194 -3.23531 -2.97554 -2.57671
internal_weight=0 3242.33 1935.38 1117.39 2796.64 2268.44 2038.82 909.426 817.989 1129.39 837.714 341.482 211.777 674.57 1002.3 111.351 445.692 113.068 496.232 144.052 104.85 234.856 173.775 152.393 81.0656 561.502 88.2485 71.3275 37.966 22.0975
internal_count=92460 40114 52346 26350 27423 25313 25069 14937 25996 10132 22180 7401 3433 9105 7826 1669 12691 2357 14779 2922 2451 5832 3978 3744 1694 6748 1470 2050 900 353
cat_boundaries=0 1 2
cat_threshold=1794 112
is_linear=0
shrinkage=1


Tree=1
num_leaves=31
num_cat=2
split_feature=2 3 3 1 3 3 1 7 3 0 3 3 1 0 0 7 8 7 0 3 0 3 3 3 8 2 0 0 0 3
split_gain=20811.9 10279.6 5334.15 5220.22 3842.07 2723.65 1465.82 1278.69 1056.26 1294.04 3902.25 1216.06 1822.62 955.211 1298.32 926.163 806.901 796.194 768.719 670.981 1719.73 903.801 2318.59 924.324 978.83 614.557 747.488 560.985 611.07 499.317
threshold=0 0.021885000000000005 0.041575000000000008 325.15000000000003 0.012942500000000001 0.057516000000000005 401.45000000000005 1.0000000180025095e-35 0.0023880000000000004 0.9850000000000001 0.007712000000000001 0.010054500000000003 387.75000000000006 1.4450000000000001 1.1950000000000001 1.0000000180025095e-35 1.0000000180025095e-35 1.0000000180025095e-35 1.0150000000000003 0.020657500000000002 1.6650000000000003 0.030161000000000004 0.040501000000000009 0.030005500000000004 1.0000000180025095e-35 1 1.3800000000000001 1.2350000000000001 1.3050000000000004 0.021253500000000005
decision_type=9 2 2 2 2 2 2 2 2 2 2 2 2 2 2 2 2 2 2 2 2 2 2 2 2 9 2 2 2 2
left_child=1 3 6 13 8 -4 7 19 -5 16 -11 -12 -13 14 -1 25 -10 27 -14 -2 21 23 -23 24 29 26 -3 -16 -29 -21
right_child=2 15 5 4 -6 -7 -8 -9 9 10 11 12 18 -15 17 -17 -18 -19 -20 20 -22 22 -24 -25 -26 -27 -28 28 -30 -31
leaf_value=0.43955271529935858 0.36962566240417499 -0.051571126282941207 0.13261869458568093 0.37582217308543764 -0.0026461123245959551 0.32362570328933643 0.17823239829739226 0.60129971725437326 0.10285704669502048 0.92719549551285607 0.057332924566635295 0.17751918947128095 0.21473650316926093 0.49002179288948905 0.045250379762806645 1.4979213599790269 0.86393568355332406 0.66809584502534547 0.67506720483474325 0.25713574553747942 0.36288697826080074 0.022133114542645979 0.52902343757399073 0.44380771503247357 0.33509533525796253 -0.00065268660132216511 0.56655198055649381 0.30738477344891085 0.057986480932019871 0.11889410270008499
leaf_weight=167.60008525103331 5274.7469300590456 7.7977920323610315 412.76791721954942 113.08405216783285 231.94111153483391 340.67155300453305 112.77762002684176 54.397361647337675 209.40703344345093 21.532553315162659 74.131515383720398 91.843476891517639 12.158760309219359 128.20089265704155 32.679871544241905 1.0467958729714144 3.541477918624877 11.230967007577418 35.690829992294312 276.35615847818553 2698.0361429192126 85.657510099932551 30.625818207859993 104.19393975287676 446.70989355444908 669.08130365423858 13.12038267031312 161.5716589987278 28.963748067617416 85.535849118605256
leaf_count=832 14254 264 9638 622 7546 5439 2764 37 4891 156 1787 2000 256 511 412 4 30 6 433 3530 8001 1517 148 489 728 21992 287 1216 358 2312
internal_value=0 0.167281 0.346522 0.249721 0.16854 0.218984 0.35738 0.359611 0.239267 0.204821 0.285624 0.221017 0.307879 0.371179 0.333283 0.0118024 0.115514 0.257314 0.558095 0.358151 0.341911 0.286918 0.155634 0.303642 0.285581 0.00954785 0.227414 0.236646 0.269473 0.224461
internal_weight=0 2014.62 9922.48 1323.58 793.331 753.439 9169.04 9056.26 561.39 448.306 235.357 213.825 139.693 530.247 402.046 691.046 212.949 234.446 47.8496 9001.86 3727.12 1029.08 116.283 912.796 808.602 689.999 20.9182 223.215 190.535 361.892
internal_count=92460 43603 48857 21056 17721 15077 33780 31016 10175 9553 4632 4476 2689 3335 2824 22547 4921 1992 689 30979 16725 8724 1665 7059 6570 22543 551 1986 1574 5842
cat_boundaries=0 1 2
cat_threshold=2161 32
is_linear=0
shrinkage=0.05


Tree=2
num_leaves=31
num_cat=0
split_feature=4 3 1 4 5 0 0 1 5 3 5 0 0 5 3 5 5 4 3 1 5 3 5 3 5 3 4 4 5 5
split_gain=13667.5 4387.38 3140.46 2438.05 1774.19 955.627 918.25 894.772 1079.89 1072.54 826.382 698.347 687.518 621.391 546.251 502.413 421.336 386.2 523.351 642.727 379.776 477.261 674.601 363.997 451.906 361.194 359.907 769.12 513.973 534.373
threshold=0.0074565000000000005 0.050114500000000006 302.90000000000003 0.0019820000000000007 208.97828956000583 1.0550000000000004 1.2050000000000003 405.45000000000005 585.18100397650528 0.0023880000000000004 69.84512352536818 1.1950000000000001 1.4350000000000003 85.875448809060956 0.015845500000000002 52.411728613298166 87.347758416767675 0.0021905000000000002 0.014840500000000001 369.15000000000003 70.56529304358989 0.059394000000000009 102.43555428842096 0.0069770000000000014 42.193346262451577 0.050257500000000004 0.0012695000000000002 0.0011530000000000002 316.08049141477613 347.90270729347185
decision_type=2 2 2 2 2 2 2 2 2 2 2 2 2 2 2 2 2 2 2 2 2 2 2 2 2 2 2 2 2 2
left_child=2 4 -1 7 12 -6 17 11 9 -9 25 14 -2 -14 23 -8 -15 -5 19 -19 -12 22 -22 -4 -25 -3 27 -26 -29 -30
right_child=1 10 3 6 5 -7 15 8 -10 -11 20 -13 13 16 -16 -17 -18 18 -20 -21 21 -23 -24 24 26 -27 -28 28 29 -31
leaf_value=0.26165292744051555 -0.02756664293320071 0.80596495444690497 0.38065355517508026 -0.051517732326970905 -0.051763300235787513 0.21928513371407987 -0.055144591595109399 0.25450247955139954 0.56768706944250635 0.087237513227069491 0.73516923219380192 -0.054201646701096576 -0.010446873952706659 0.54019899308725117 -0.051540161860445223 0.23886110583921522 0.097325719079595543 1.0621109849300499 0.067503049740274434 0.17722306167169483 -0.05217359156752991 0.3027327933847353 0.23116412722326976 0.16259511467362497 0.240282333305886 0.11049099721877252 0.26786450791999522 0.021920086023502015 0.9295977244350182 -0.054070143571184538
leaf_weight=10900.521162517369 472.42999816127121 1.8906424194574345 48.375912420451641 68.965044625103474 39.469777917489409 184.65164119936526 16.411891050636768 146.03232191503048 15.646940864622591 278.83395101130009 4.1182231195271006 20.022687911987305 195.26841903850436 5.4793106168508521 15.62448346801102 126.77647232636809 270.27340389043093 2.9130037706345302 257.58015128970146 6.9431352391839027 24.633344404399395 209.27517319470644 142.73040163144469 163.62934437580407 459.49551907554269 148.61454373598099 988.77250952459872 64.203908625990152 3.3023540154099456 2.3726164400577545
leaf_count=26829 15644 21 156 2412 1281 3203 212 618 86 5798 31 280 5428 100 542 819 5535 39 6637 46 621 1847 2002 1497 2771 2388 4381 1176 14 46
internal_value=0 0.0992944 0.24972 0.201293 0.0450931 0.171551 0.0991178 0.223503 0.159752 0.144729 0.218414 0.239407 0.0150524 0.0577989 0.242774 0.205163 0.106126 0.05398 0.0811852 0.438754 0.257621 0.252399 0.189461 0.245432 0.241542 0.119228 0.250051 0.21678 0.0622352 0.518342
internal_weight=0 1698.83 13586.4 2685.9 1167.57 224.121 479.59 2206.31 440.513 424.866 531.262 1765.8 943.451 471.021 1745.78 143.188 275.753 336.401 267.436 9.85614 380.757 376.639 167.364 1730.15 1681.78 150.505 1518.15 529.374 69.8789 5.67497
internal_count=92460 38101 54359 27530 31191 4484 10165 17365 6502 6416 6910 10863 26707 11063 10583 1031 5635 9134 6722 85 4501 4470 2623 10041 9885 2409 8388 4007 1236 60
is_linear=0
shrinkage=0.05


Tree=3
num_leaves=31
num_cat=2
split_feature=4 2 1 4 2 5 5 0 4 4 0 4 5 4 4 0 5 5 5 5 5 4 5 4 4 5 5 5 5 5
split_gain=8538.41 3435.81 2021.74 1692 1136.97 942.782 475.936 490.689 628.366 1073.27 380.312 374.492 412.462 362.085 415.646 356.636 353.275 352.934 272.833 596.396 315.796 383.818 725.344 331.415 318.206 378.679 272.354 269.97 263.748 263.304
threshold=0.0074565000000000005 0 325.15000000000003 0.0019820000000000007 1 69.84512352536818 361.5502871447116 1.6650000000000003 0.015649000000000003 0.014911000000000002 1.8300000000000003 0.019431000000000004 86.640266326178093 0.0021905000000000002 0.0023695000000000005 1.1250000000000002 508.42848115258965 72.037096372817814 111.29018508419458 146.9791303986909 135.60650074463726 0.0064875000000000011 139.74969196921543 0.0035735000000000003 0.0031585000000000003 112.16299456532965 135.60650074463726 1414.8047806152824 87.347758416767675 253.81459465155189
decision_type=2 9 2 2 9 2 2 2 2 2 2 2 2 2 2 2 2 2 2 2 2 2 2 2 2 2 2 2 2 2
left_child=2 5 26 4 16 10 7 8 9 -7 -2 -3 -13 -5 -15 -6 -4 -11 -16 20 23 22 -22 24 25 -20 -1 -8 -14 -19
right_child=1 11 3 13 15 6 27 -9 -10 17 -12 12 28 14 18 -17 -18 29 19 -21 21 -23 -24 -25 -26 -27 -28 -29 -30 -31
leaf_value=0.20104782777470845 0.0026534809775904367 -0.015524832050041954 0.098041953989959477 -0.051441519512233649 0.19694556753890705 0.087721995490979809 0.2857714122049379 0.18592990963845868 -0.029061325927645751 1.0998467173247433 0.11970192437958203 -0.051570481138434432 0.7948199719616964 0.37632231514929237 0.0067998165146388985 -0.051441488523957413 0.33036459818055236 0.32864417769276455 0.8538787256186714 0.042758196287144751 0.64474030037825469 1.29014130402732 -0.052008573028730964 -0.051892832290052621 0.6506928404843102 0.076660548214168983 0.21583852781554783 -0.053961729064742718 0.19125589046439806 -0.05344014764152645
leaf_weight=8642.8748725838959 147.81823151558638 629.12907590717077 524.94777119904757 65.69631776958704 1750.2362630851567 229.17797185108066 95.195381287485361 431.87319675832987 68.717479575425386 1.4082666374742974 130.8129528015852 22.075655786320567 1.9138335473835457 11.294767096638678 110.23261830583215 14.571635527536271 16.889747608453035 59.511930271983147 1.7900972068309844 102.44756805151701 9.3104410357773322 1.2088066935539235 6.2380617819726458 11.375419747084377 4.6133080683648577 12.586397554725407 4863.9951674900949 6.230338040739297 33.366372851654887 4.878612343221902
leaf_count=19350 3666 20615 8572 2412 7002 3356 617 4201 1464 8 1665 751 8 55 2931 535 144 735 13 2565 117 7 172 327 40 308 9809 95 839 81
internal_value=0 0.0854769 0.198548 0.158559 0.173845 0.13678 0.162899 0.149895 0.107105 0.138826 0.0576059 -0.00431152 0.117934 0.0538723 0.0793935 0.193797 0.103376 0.316821 0.0664847 0.110472 0.257687 0.431926 0.365205 0.161532 0.289379 0.173436 0.206374 0.264902 0.223997 0.299695
internal_weight=0 1862.11 16150.3 2643.44 2306.65 1175.62 896.993 795.567 363.694 294.977 278.631 686.485 57.3559 336.794 271.097 1764.81 541.838 65.7988 259.803 149.57 47.1225 16.7573 15.5485 30.3652 18.9898 14.3765 13506.9 101.426 35.2802 64.3905
internal_count=92460 38101 54359 25200 16253 15888 10557 9845 5644 4180 5331 22213 1598 8947 6535 7537 8716 824 6480 3549 984 296 289 688 361 321 29159 712 847 816
cat_boundaries=0 1 2
cat_threshold=1920 80
is_linear=0
shrinkage=0.05


Tree=4
num_leaves=31
num_cat=2
split_feature=4 2 1 4 3 4 4 2 4 0 3 0 4 3 3 3 1 1 8 3 3 4 3 0 0 3 3 4 0 4
split_gain=5990.93 2549.93 1547.99 1127.11 577.307 810.362 453.699 500.659 451.037 427.101 475.901 415.174 301.169 276.942 421.591 255.597 254.849 816.302 343.615 256.171 421.25 254.904 247.983 242.751 252.436 233.313 682.423 261.897 245.431 209.53
threshold=0.0074565000000000005 0 302.90000000000003 0.0019820000000000007 0.059394000000000009 0.015649000000000003 0.0024895000000000004 1 0.014911000000000002 0.9850000000000001 0.0023880000000000004 1.1950000000000001 0.019431000000000004 0.040501000000000009 0.041575000000000008 0.015845500000000002 434.50000000000006 426.75000000000006 1.0000000180025095e-35 0.0094290000000000016 0.0094255000000000016 0.0010680000000000002 0.0019975000000000006 1.0850000000000002 0.95500000000000007 0.0071425000000000004 0.0099105000000000009 0.00098300000000000015 1.0050000000000001 0.011687500000000002
decision_type=2 9 2 2 2 2 2 9 2 2 2 2 2 2 2 2 2 2 2 2 2 2 2 2 2 2 2 2 2 2
left_child=2 4 -1 9 5 8 23 -8 13 10 22 15 -3 -2 -15 25 17 19 -18 20 -12 -19 -4 24 -5 -11 27 28 -27 -16
right_child=1 12 3 6 -6 -7 7 -9 -10 11 16 -13 -14 14 29 -17 18 21 -20 -21 -22 -23 -24 -25 -26 26 -28 -29 -30 -31
leaf_value=0.17299155254812115 -0.0022378210443402976 -0.014970593000597608 -0.060664042083290737 -0.052455008748153502 0.16427815014355207 -0.010842246613173885 0.0029503227459825123 0.12781336031435586 0.2115174561491899 0.19488072159667283 0.050729359973698422 -0.054898571722827499 0.098473492390716635 0.23435242200758283 0.12999485954162596 -0.051411701398445302 0.0046896913462059079 0.18389117976165714 0.33636014964204697 -0.052932707602712618 0.50091513438973312 0.39781451008650598 0.18000299763937699 -0.038299295816569726 0.26187184423401161 0.13696288526261471 0.16710622741110756 0.008534920373377294 0.012791135144340616 0.066436712707966833
leaf_weight=14756.274471160024 60.853281639516354 620.03584961593151 11.301176726818083 10.974766869097948 419.869569119066 154.73937963694334 117.44384251534939 319.20230921916664 103.91790479794145 417.83300988376141 46.89955784752965 22.753905773162842 64.59940754249692 60.90060319006443 237.88172426819801 14.252980340272186 140.82507515698671 61.621964082121849 8.2675179690122587 56.017864886671305 5.8437940254807463 17.990617156028748 202.41452381759882 112.89795191958547 15.281557410955429 207.15226703137159 1626.4748388826847 78.110492572188377 49.257080651819706 285.05889984592795
leaf_count=26829 663 20615 78 250 2846 3310 3191 3194 1173 757 805 280 1598 148 2789 542 2596 912 24 1093 28 184 544 3475 55 1018 6404 1257 843 4959
internal_value=0 0.0748833 0.165866 0.136187 0.114967 0.0933197 0.0721685 0.0972239 0.11485 0.14861 0.108895 0.157672 -0.00420505 0.0992684 0.109848 0.159693 0.0719218 0.110578 0.0230816 0.0215265 0.100608 0.232233 0.167277 -0.00645172 0.130488 0.160958 0.15373 0.088691 0.113109 0.0953488
internal_weight=0 2007.86 18299.1 3542.82 1323.22 903.352 575.8 436.646 748.612 2967.02 551.182 2415.83 684.635 644.695 583.841 2393.08 337.466 188.374 149.093 108.761 52.7434 79.6126 213.716 139.154 26.2563 2378.83 1960.99 334.52 256.409 522.941
internal_count=92460 38101 54359 27530 15888 13042 10165 6385 9732 17365 6264 11101 22213 8559 7896 10821 5642 3022 2620 1926 833 1096 622 3780 305 10279 9522 3118 1861 7748
cat_boundaries=0 1 2
cat_threshold=1920 17
is_linear=0
shrinkage=0.05


Tree=5
num_leaves=31
num_cat=1
split_feature=2 4 4 3 5 1 3 1 3 4 3 5 5 5 4 5 5 3 3 5 3 5 1 3 5 5 8 5 4 4
split_gain=4737.75 2066.1 1277.88 998.507 693.702 575.719 1104.01 568.954 495.269 478.904 396.337 347.305 311.342 301.653 487.609 262.632 229.58 275.796 223.178 487.951 404.475 441.67 219.303 490.58 313.993 337.487 240.477 203.173 200.648 185.967
threshold=0 0.0071605000000000011 0.012545500000000001 0.049005500000000007 71.279730843890761 325.15000000000003 0.010998000000000003 417.25000000000006 0.010054500000000003 0.021966500000000003 0.0069770000000000014 325.44850780740938 39.499059982943692 347.90270729347185 0.015184500000000002 88.942185493459746 41.498645504170092 0.020264000000000001 0.044034500000000011 228.97007857728582 0.045596500000000005 706.81525135305162 443.80000000000007 0.0021455000000000003 208.97828956000583 211.59035055146066 1.0000000180025095e-35 40.194077114622544 0.013299500000000002 0.011158500000000002
decision_type=9 2 2 2 2 2 2 2 2 2 2 2 2 2 2 2 2 2 2 2 2 2 2 2 2 2 2 2 2 2
left_child=1 5 7 11 -4 16 8 -2 10 18 22 -3 -5 14 -13 -11 17 -1 19 -6 -20 -22 24 -24 -7 -26 -25 -14 -21 -15
right_child=2 3 4 12 9 6 -8 -9 -10 15 -12 13 27 29 -16 -17 -18 -19 20 28 21 -23 23 26 25 -27 -28 -29 -30 -31
leaf_value=0.12945210020683195 0.15131790640908038 -0.027905353298869041 -0.010230465993120129 -0.052819430356187358 -0.023569387826536291 0.13245472446644388 0.015959180809801927 0.041825289525234267 0.19961184428918322 0.36049519664161189 0.031059048425854708 -0.051654373700814028 0.5551568566200169 0.20687111002146122 0.81508785199425526 0.16267795976973942 0.12898648221029724 0.03457414725073079 0.16146118388763425 0.20750751270723114 0.025248546620829163 0.33640517948614868 0.14376939830732491 0.00068103932376988344 0.73166047418595692 0.24624296372022317 0.24995432018255292 0.11599318832626125 -0.05412816015748554 -0.051921799481763835
leaf_weight=153.33804614841938 17596.080862980336 549.17693018168211 153.15800171718001 29.046690322458744 108.27940978854895 120.10174801945686 447.18104743771255 119.44983423501253 139.41228296607733 19.542326055467129 173.80004140362144 2.8653066232800475 2.6656924039125434 12.548348084092142 3.7416309863328934 118.64851956069469 1745.4598446115851 153.04003218561411 172.72096490487456 43.027066491544247 142.40928845480084 12.397417783737181 211.87540963292122 120.5199019536376 4.1326216310262707 26.810192622244358 10.519779056310652 218.91474549472332 8.8321376591920835 15.536845427006481
leaf_count=489 31525 18912 3553 637 1896 1060 10054 2042 809 102 3106 94 15 350 43 756 5920 939 1686 283 2161 47 456 2136 8 172 23 2696 129 445
internal_value=0 0.0877097 0.147744 0.0176205 0.0851482 0.105666 0.0789804 0.15058 0.113895 0.108489 0.0959991 -0.018213 0.101099 0.135216 0.439198 0.190652 0.121979 0.0820593 0.0852062 0.0368324 0.108858 0.050167 0.118848 0.0967375 0.169046 0.311074 0.0206925 0.121276 0.162948 0.0637058
internal_weight=0 4140.69 18494.5 834.496 779.015 3306.19 1254.35 17715.5 807.172 625.857 667.76 583.869 250.627 34.6921 6.60694 138.191 2051.84 306.378 487.666 160.139 327.528 154.807 493.96 342.915 151.045 30.9428 131.04 221.58 51.8592 28.0852
internal_count=92544 48364 44180 23192 10613 25172 17824 33567 7770 7060 6961 19844 3348 932 137 858 7348 1428 6202 2308 3894 2208 3855 2615 1240 180 2159 2711 412 795
cat_boundaries=0 1
cat_threshold=3185
is_linear=0
shrinkage=0.05


Tree=6
num_leaves=31
num_cat=2
split_feature=2 4 0 4 5 0 2 5 4 4 5 0 0 4 0 5 5 4 4 5 5 5 4 5 4 5 4 5 4 4
split_gain=3657.84 1512.41 1258.68 977.275 642.821 642.517 586.633 441.196 412.454 600.549 348.781 339.779 306.331 428.726 280.02 226.312 272.192 278.559 455.227 528.448 389.252 224.649 411.139 224.595 210.899 228.388 187.001 179.774 268.106 177.585
threshold=0 0.0030755000000000005 1.5650000000000002 0.0074565000000000005 39.499059982943692 1.4450000000000001 1 316.08049141477613 0.0015465000000000003 0.0020615000000000004 46.9504345995962 1.0550000000000004 1.6650000000000003 0.012057000000000002 1.3050000000000004 40.194077114622544 103.31230727641055 0.014911000000000002 0.015211500000000001 57.910002046729424 57.196329181001403 347.90270729347185 0.013427500000000002 105.74914333567786 0.012340000000000002 192.87894356627007 0.0044770000000000009 208.97828956000583 0.014287500000000002 0.0012695000000000002
decision_type=9 2 2 2 2 2 9 2 2 2 2 2 2 2 2 2 2 2 2 2 2 2 2 2 2 2 2 2 2 2
left_child=1 5 7 6 -5 8 10 -3 -1 -10 -2 -9 13 -6 -11 -15 17 -17 19 20 -19 -13 26 -18 25 -25 -23 28 -26 -8
right_child=3 2 -4 4 12 -7 29 11 9 14 -12 21 -14 15 -16 16 23 18 -20 -21 -22 22 -24 24 27 -27 -28 -29 -30 -31
leaf_value=0.10097452772805338 0.045146432922524231 -0.017581090762603137 0.099495782666073146 -0.036249095652552431 -0.034933982862093725 0.15918958430216268 0.11116130371668149 -0.051770532469223265 -0.040604692804038597 0.092624490044605462 0.11093666843557337 0.33959505234613319 0.12621058955981368 0.54391971511937898 -0.02890016290395624 -0.052678682733400428 0.30904178673818516 0.30489874346455148 -0.016122263706613415 0.12241133660555488 1.0414089852742308 -0.0531408580595151 -0.052108097261988562 0.8882596018091633 -0.010574188508272346 -0.051727852062746854 0.41787266495508785 0.13343389171017103 0.10691044698542962 0.13592150893350718
leaf_weight=1430.5782103687525 228.07788101583719 757.23656808026135 421.98662390932441 99.273834314197302 79.54206221550703 355.8200786113739 756.89196113497019 20.824430676177144 136.43544443696737 412.61903957277536 1725.5769695267081 16.476823270320892 490.12900089472532 2.7216591462492934 53.554972857236862 61.825075127184391 13.342218421399592 4.5401196442544451 45.228112522512674 27.407823823392391 2.9658926576375961 2.6477507725358036 16.987943027168512 1.7254923880100244 74.154521156102419 1.033106595277786 10.322821971029041 186.72966723516583 140.69707322493196 16747.768949814141
leaf_count=10938 1271 23936 2554 2276 1134 527 2117 641 3917 2275 6618 143 3937 41 377 1443 123 74 1213 272 6 49 457 21 1124 32 106 1223 1618 22081
internal_value=0 0.0737085 0.0292647 0.128883 0.0857465 0.097206 0.131679 -0.00668041 0.0863584 0.0516603 0.10273 0.116044 0.0964448 0.0737173 0.0786635 0.089085 0.0868731 0.0270624 0.0885782 0.224209 0.59592 0.191302 0.109742 0.107202 0.100542 0.53623 0.321722 0.0975492 0.0663614 0.134774
internal_weight=0 3635.49 1246.48 20689.6 1231.32 2389.01 19458.3 824.496 2033.19 602.609 1953.65 67.2598 1132.04 641.913 466.174 562.371 559.649 141.967 80.1419 34.9138 7.50601 46.4353 29.9585 417.682 404.34 2.7586 12.9706 401.581 214.852 17504.7
internal_count=92544 45920 27886 46624 14537 18034 32087 25332 17507 6569 7889 1396 12261 8324 2652 7190 7149 3008 1565 352 80 755 612 4141 4018 53 155 3965 2742 24198
cat_boundaries=0 1 2
cat_threshold=2289 1028
is_linear=0
shrinkage=0.05


Tree=7
num_leaves=31
num_cat=2
split_feature=2 4 3 4 2 5 0 3 5 4 4 5 0 0 3 0 1 0 0 7 4 3 4 3 3 5 5 0 3 5
split_gain=2999.6 1199.48 1087.38 885.558 514.188 512.667 496.398 436.967 379.8 308.678 510.981 270.347 230.283 228.577 181.535 171.243 179.866 166.974 185.965 156.298 153.726 655.656 147.459 390.043 203.941 300.814 303.988 139.225 227.783 342.51
threshold=0 0.0030755000000000005 0.059394000000000009 0.0074565000000000005 1 39.499059982943692 1.4450000000000001 0.040501000000000009 316.08049141477613 0.0015465000000000003 0.0020615000000000004 46.9504345995962 1.3050000000000004 1.0550000000000004 0.06871250000000001 0.96500000000000008 416.25000000000006 1.1850000000000003 1.1450000000000002 1.0000000180025095e-35 0.0012695000000000002 0.0085970000000000022 0.012545500000000001 0.051515000000000005 0.044034500000000011 228.97007857728582 40.194077114622544 1.4350000000000003 0.019384500000000002 139.74969196921543
decision_type=9 2 2 2 9 2 2 2 2 2 2 2 2 2 2 2 2 2 2 2 2 2 2 2 2 2 2 2 2 2
left_child=1 6 8 4 11 -5 9 -7 -3 17 -11 -2 19 -10 -4 -13 -17 18 -1 -12 21 -6 23 -9 25 26 -24 28 -22 -30
right_child=3 2 14 5 20 7 -8 22 13 10 12 15 -14 -15 -16 16 -18 -19 -20 -21 27 -23 24 -25 -26 -27 -28 -29 29 -31
leaf_value=0.082593526886775001 0.041662950603628103 -0.013768597971780608 0.11292831460436054 -0.035613955120440507 0.11569495798268528 -0.019935681060124378 0.13867082448678716 0.19558859487148841 -0.05168129857857743 -0.04006199428724691 0.074493105690166997 0.040880056528822595 -0.028025477412376244 0.1419634742271931 0.019397813018505076 0.10155367974300103 0.33445599621416572 0.11737956466911381 -0.05466332499688184 0.19023694804517652 0.13555052363235687 -0.025256424629244795 0.48208042698961578 0.084346110033332186 0.094812686580280109 0.12282147681284139 -0.025347405130482604 0.12075107654609146 0.33852938144297257 0.052354850846844381
leaf_weight=1117.9290521405637 234.61350308358669 806.01370884664357 319.48169317096472 96.073893312364817 710.12820636481047 92.85962120629847 387.14384150505066 114.28003875911236 19.842150162905455 131.49534615501761 406.37060568667948 119.89940701052547 52.492550641298294 65.691578535363078 61.936956651508808 1711.9340950287879 8.3300664387643319 391.99964112043381 25.234692350029945 31.422771453857422 697.84281852096319 93.350018829107285 3.0284474566578856 253.78307192027569 581.48151762783527 62.697531014680862 116.21810549497604 16998.402382969856 32.98988738656044 15.306998133659361
leaf_count=9761 1271 24728 1308 2276 1425 1420 527 443 641 3917 2270 1736 377 818 391 4835 47 853 324 5 575 692 18 2031 5744 382 2223 21074 212 220
internal_value=0 0.0665383 0.0270884 0.115249 0.117843 0.0756056 0.0865391 0.0843329 -0.00313763 0.0771821 0.0474612 0.0917678 0.070935 0.0970417 0.0977403 0.0986547 0.102681 0.0892198 0.0795637 0.0828007 0.120645 0.0993189 0.0928901 0.118886 0.080357 0.0341574 -0.0124605 0.121679 0.142818 0.247831
internal_weight=0 3817.05 1272.97 21943.2 20622.8 1320.42 2544.09 1224.35 891.547 2156.94 621.781 2074.78 490.286 85.5337 381.419 1840.16 1720.26 1535.16 1143.16 437.793 18548 803.478 1131.49 368.063 763.426 181.944 119.247 17744.5 746.14 48.2969
internal_count=92544 45920 27886 46624 32087 14537 18034 12261 26187 17507 6569 7889 2652 1459 1699 6618 4882 10938 10085 2275 24198 2117 10841 2474 8367 2623 2241 22081 1007 432
cat_boundaries=0 1 2
cat_threshold=2289 1028
is_linear=0
shrinkage=0.05


Tree=8
num_leaves=31
num_cat=2
split_feature=2 4 0 4 2 5 0 5 4 4 5 8 5 6 0 0 6 5 0 4 4 4 4 5 4 4 5 5 5 5
split_gain=2523.8 970.261 893.366 803.693 462.862 419.763 399.719 301.986 237.011 439.689 215.798 215.227 396.672 387.967 192.385 184.906 177.636 201.74 176.995 288.577 170.473 336.763 161.69 165.696 155.584 216.72 236.936 211.393 211.013 168.905
threshold=0 0.0030755000000000005 1.5000000000000002 0.0074565000000000005 1 39.499059982943692 1.4450000000000001 325.44850780740938 0.0015465000000000003 0.0020615000000000004 46.9504345995962 1.0000000180025095e-35 29.723105570781872 1.0000000180025095e-35 1.3050000000000004 1.0550000000000004 1.0000000180025095e-35 137.57788179294599 1.6650000000000003 0.012057000000000002 0.0012695000000000002 0.00096500000000000004 0.015074000000000002 79.157246244287066 0.015211500000000001 0.014911000000000002 103.31230727641055 706.81525135305162 40.194077114622544 253.81459465155189
decision_type=9 2 2 2 9 2 2 2 2 2 2 2 2 2 2 2 2 2 2 2 2 2 2 2 2 2 2 2 2 2
left_child=1 6 7 4 10 -5 8 -3 -1 -10 -2 12 13 -6 -11 -9 17 20 19 -7 21 -14 -4 -24 25 26 28 -26 -21 -27
right_child=3 2 22 5 11 18 -8 15 9 14 -12 -13 16 -15 -16 -17 -18 -19 -20 24 -22 -23 23 -25 27 29 -28 -29 -30 -31
leaf_value=0.079792325505300341 0.038555099559316262 -0.022066355907437663 0.088211002940800476 -0.034973404526153683 0.062880760279717715 -0.033726120231919891 0.12312672589846807 -0.051607990282565047 -0.039511939435816518 0.074764605633070441 0.088750171762870644 0.11914386220419966 0.086089647697912969 0.12465254202856127 -0.027166081003720317 0.13704060552741468 0.12453687389081076 0.11389357538754537 0.095410646470213356 0.30036779213817955 0.10286064481126672 -0.059788534943863325 -0.053710165101458311 0.060920598055960999 0.0010452650098075364 0.14242608849017108 0.078855748271459317 0.22608351917768835 -0.052673177806492583 -0.056852482738132919
leaf_weight=1628.0023854114115 240.68510395660996 656.07688179984689 416.03588095679879 93.019965155050159 923.81975922733545 76.062665168195963 413.47065883874893 17.478305768221617 126.77981432527304 459.94828433915973 1940.2937047667801 4392.9893959164619 295.09228347241879 350.67621231079102 51.471859440207481 50.574178230017424 1629.1893615722656 5616.3321233540773 584.35912454500794 4.5563776046037665 6162.0871564596891 45.687754578888416 44.010070133954287 111.12175394967198 119.76381073519588 154.38960664719343 283.62797053903341 11.431700006127356 59.548648064956069 11.419592849910257
leaf_count=10938 1271 21927 2163 2276 3159 1134 527 588 3917 2275 6618 2104 736 45 377 583 209 7042 3937 19 10530 373 1086 1539 2254 893 2434 37 1443 110
internal_value=0 0.0605896 0.0252114 0.104339 0.106763 0.0676471 0.0779168 -0.0116672 0.0696682 0.0438424 0.082831 0.109353 0.106562 0.0798772 0.0645058 0.0885889 0.109036 0.106952 0.074961 0.0583823 0.100957 0.066532 0.0719662 0.0284005 0.0692487 0.0816633 0.0592341 0.0206539 -0.0275802 0.128701
internal_weight=0 3974.97 1295.3 22995 21596.9 1398.18 2679.67 724.129 2266.2 638.2 2180.98 19415.9 15022.9 1274.5 511.42 68.0525 13748.4 12119.2 1305.16 720.8 6502.87 340.78 571.168 155.132 644.738 513.542 347.733 131.196 64.105 165.809
internal_count=92544 45920 27886 46624 32087 14537 18034 23098 17507 6569 7889 24198 22094 3204 2652 1171 18890 18681 12261 8324 11639 1109 4788 2625 7190 4899 3896 2291 1462 1003
cat_boundaries=0 1 2
cat_threshold=2289 1028
is_linear=0
shrinkage=0.05


Tree=9
num_leaves=31
num_cat=2
split_feature=4 2 2 5 0 4 5 5 4 8 5 4 5 5 4 4 1 5 5 4 4 4 4 4 4 4 4 4 7 5
split_gain=2191.63 1116.84 1042.25 336.995 294.408 352.06 285.365 496.991 256.333 237.529 302.611 351.457 235.008 244.862 795.594 216.457 200.321 269.056 192.688 175.468 167.316 557.371 528.52 440.87 415.175 206.051 254.7 166.008 165.053 159.289
threshold=0.0074565000000000005 0 1 56.524326279321279 0.9850000000000001 0.00016450000000000001 177.64653731058817 181.28842820611433 0.0010420000000000002 1.0000000180025095e-35 29.723105570781872 0.006761500000000001 175.90930363448868 177.64653731058817 0.0084925000000000018 0.0032515000000000005 440.55000000000001 185.09669559927607 33.921867283510856 0.019431000000000004 0.006761500000000001 0.0032515000000000005 0.0048425000000000004 0.0034880000000000002 0.0033305000000000006 0.0033875000000000003 0.0034380000000000005 0.0032610000000000004 1.0000000180025095e-35 139.74969196921543
decision_type=2 9 9 2 2 2 2 2 2 2 2 2 2 2 2 2 2 2 2 2 2 2 2 2 2 2 2 2 2 2
left_child=1 9 3 -2 5 -3 -7 -8 16 10 11 15 -4 14 -14 -1 -9 -18 -6 -15 21 29 23 24 27 -26 -27 -23 -20 -12
right_child=2 4 12 -5 18 6 7 8 -10 -11 20 -13 13 19 -16 -17 17 -19 28 -21 -22 22 -24 -25 25 26 -28 -29 -30 -31
leaf_value=0.059198973304996974 0.014041375544811524 0.097968637189639385 -0.02560407195650409 0.073381659381906675 0.044719002449666888 0.011334814522478457 0.42452878915708142 0.18015293086807888 -0.0074752012464874189 0.10988367828969701 0.093335330796624816 0.099185991333350668 1.7168760730770449 0.014320453172837873 -0.051585790116094737 -0.024123059312336988 0.48368849675373515 -0.0084162503498406756 0.08078201273089626 0.16499405368486875 0.10762943247713835 0.039254881437550973 0.099010560101877629 -0.036499093987552585 0.10694591874998549 -0.017987101552179668 0.14886372965747172 -0.056037476239026635 0.15772482701087187 0.10701309552430599
leaf_weight=549.83097280561924 280.27642371878028 261.66582356393337 500.06427942402661 1634.7673962712288 375.89559176377952 519.05679411254823 10.170253392308949 54.753002889454365 70.631375379860401 4521.4385272264481 4145.9360173940659 669.87343344092369 0.9172966349869961 145.30449546314776 2.0737030636519194 90.820639237761497 3.0174018889665595 34.947876118123531 4212.9879765156657 22.286157485097647 4000.2384598553181 98.275679081678391 666.58625904470682 157.47739095240831 300.69438807666302 82.797972559928894 31.602444723248482 85.437326416373253 70.871760932728648 4374.6063093245029
leaf_count=1834 4152 456 17957 11806 2248 7656 74 330 1328 2104 5526 638 4 3894 73 712 15 450 18182 301 3500 530 1119 1435 518 710 187 889 30 3886
internal_value=0 0.0940791 0.0457594 0.0643608 0.0737303 0.0485593 0.0298917 0.0854014 0.0642871 0.0997681 0.0968352 0.073864 -0.00819495 0.0423599 0.490776 0.047387 0.118955 0.0306952 0.0790431 0.034357 0.0989942 0.0955202 0.0665518 0.0379427 0.0575198 0.0852172 0.0281045 -0.00506166 0.0820549 0.100358
internal_weight=0 25389.6 2585.69 1915.04 5614 954.243 692.577 173.52 163.35 19775.6 15254.2 1310.53 670.646 170.582 2.991 640.652 92.7183 37.9653 4659.76 167.591 13943.7 9943.41 1422.87 756.285 598.808 415.095 114.4 183.713 4283.86 8520.54
internal_count=92544 54357 38187 15958 30769 10309 9853 2197 2123 23588 21484 3184 22229 4272 77 2546 795 465 20460 4195 18300 14800 5388 4269 2834 1415 897 1419 18212 9412
cat_boundaries=0 1 2
cat_threshold=770 1920
is_linear=0
shrinkage=0.05


Tree=10
num_leaves=31
num_cat=0
split_feature=4 1 3 3 0 3 5 5 6 3 4 4 3 3 5 3 5 8 8 0 8 5 4 0 4 8 3 5 3 3
split_gain=1676.95 1137.95 796.476 347.437 332.347 349.795 332.329 292.397 283.37 382.763 226.965 579.586 227.808 308.355 340.635 224.017 226.521 248.525 206.389 205.657 192.048 188.037 200.275 187.769 244.691 164.493 161.821 409.524 234.498 274.918
threshold=0.0074565000000000005 302.90000000000003 0.049005500000000007 0.011827500000000003 0.9850000000000001 0.0021455000000000003 214.31563920994975 44.287720074426694 1.0000000180025095e-35 0.020553000000000005 0.0048425000000000004 0.0033875000000000003 0.02247 0.0227125 231.96951972435295 0.020458500000000004 33.921867283510856 1.0000000180025095e-35 1.0000000180025095e-35 1.4350000000000003 1.0000000180025095e-35 61.395046438483334 0.0032515000000000005 1.0550000000000004 0.013299500000000002 1.0000000180025095e-35 0.013272000000000001 16.548925395438527 0.016109000000000002 0.019384500000000002
decision_type=2 2 2 2 2 2 2 2 2 2 2 2 2 2 2 2 2 2 2 2 2 2 2 2 2 2 2 2 2 2
left_child=1 8 6 4 5 -3 -2 -4 9 15 11 18 20 -14 -15 16 17 -1 21 -16 -13 22 -11 -8 -25 -18 27 -5 -28 -30
right_child=2 3 7 26 -6 -7 23 -9 -10 10 -12 12 13 14 19 -17 25 -19 -20 -21 -22 -23 -24 24 -26 -27 28 -29 29 -31
leaf_value=0.045822143844817351 0.004484660465732958 0.089138761300878208 0.0037366069363530814 0.25610074178375392 0.081741120031391806 0.019555541442326324 -0.051703639295567344 0.081580972091450141 0.10919960234125364 0.054186304166109728 0.087558791204978351 -0.032711358436553241 0.17195745644336358 -0.0083834571205606712 0.27730352563810973 0.10700457259040491 0.095601915928393663 0.1068397561721568 0.097345876973728609 0.035263965085925442 0.0494338204203571 0.075377724464055884 -0.058883465610125946 0.11831215701214129 0.030768248370528536 0.058745727615463178 0.075597037401335207 -0.0085555934766001016 -0.012107685007041898 0.056781513385972072
leaf_weight=519.95848886668682 1034.455360179767 282.99344207346439 134.76537955179811 15.578477717936037 2700.5773558430374 499.22566463425756 33.659594144672155 1150.1536488458514 2077.5191135406494 133.95372834801674 5120.3112821578979 206.18218544125557 49.476842105388641 128.2450465336442 19.234768308699131 3149.8438676893711 6952.7057170420885 245.75127349793911 1030.052261993289 16.140942260622978 108.64388192817569 1022.9311303086579 55.343004740774632 152.34791784733534 167.66000157594681 316.51983328163624 551.97887703217566 236.80680715851486 232.96571328863502 382.78251700103283
leaf_count=1680 25757 475 1673 97 7293 5835 1206 6819 258 444 8268 2065 219 1097 25 1432 6396 130 599 92 180 2925 485 770 2057 466 2774 3541 5126 2533
internal_value=0 0.0866332 0.0450484 0.0649293 0.0734285 0.0447296 0.0187895 0.0734165 0.0916638 0.089754 0.0813214 0.0697924 0.0226586 0.0625809 0.0295068 0.0957029 0.0912724 0.0654055 0.0808896 0.166868 -0.00436373 0.0669065 0.0211291 0.0606301 0.0724458 0.0939971 0.0440852 0.00778031 0.0519319 0.0307176
internal_weight=0 26055.7 2673.04 4902.91 3482.8 782.219 1388.12 1284.92 21152.8 19075.3 7890.52 2770.2 527.924 213.098 163.621 11184.8 8034.94 765.71 2242.28 35.3757 314.826 1212.23 189.297 353.668 320.008 7269.23 1420.11 252.385 1167.73 615.748
internal_count=92717 54435 38282 27674 13603 6310 29790 8492 26761 26503 16399 8131 3678 1433 1214 10104 8672 1810 4453 117 2245 3854 929 4033 2827 6862 14071 3638 10433 7659
is_linear=0
shrinkage=0.05


Tree=11
num_leaves=31
num_cat=1
split_feature=2 3 3 1 1 5 3 5 8 5 3 3 5 0 5 3 5 3 3 3 3 3 5 3 5 5 3 5 5 5
split_gain=1705.95 668.759 646.337 517.411 462.984 413.505 386.251 290.294 261.242 363.662 289.855 222.473 296.11 222.068 239.796 202.733 186.323 173.015 150.505 126.359 164.054 118.28 185.67 175.762 209.583 120.547 117.788 156.981 111.741 236.322
threshold=0 0.041575000000000008 0.021885000000000005 325.15000000000003 366.35000000000008 226.01481290695639 0.016578000000000006 35.950142529869105 1.0000000180025095e-35 29.723105570781872 0.038022500000000008 0.015160500000000002 428.57269638143396 1.0550000000000004 249.56083018496517 0.050114500000000006 316.08049141477613 0.039514500000000008 0.013722000000000002 0.0227125 0.02247 0.045596500000000005 706.81525135305162 0.044291500000000004 57.910002046729424 238.0977709858756 0.020458500000000004 100.82870007891545 706.81525135305162 461.15276658289253
decision_type=9 2 2 2 2 2 2 2 2 2 2 2 2 2 2 2 2 2 2 2 2 2 2 2 2 2 2 2 2 2
left_child=2 8 3 -1 -5 -4 11 -3 9 10 19 18 -13 -7 -15 21 -16 -12 28 20 -2 23 -23 -9 -25 -26 27 -10 29 -6
right_child=1 7 5 4 6 13 -8 15 26 -11 17 12 -14 14 16 -17 -18 -19 -20 -21 -22 22 -24 24 25 -27 -28 -29 -30 -31
leaf_value=0.077598458105116855 0.034867575421287392 -0.01785133238451311 -0.010106088143484696 -0.035953255542804624 0.052300758277149917 -0.051370408178666005 -0.023952780563458079 0.023375294215157133 0.087578406980306042 0.084232577677354536 0.083905922953243131 0.10934888171168455 0.47050883484464212 0.23392703129315864 -0.052820819109527295 0.071316840103199233 0.10400346577949422 -0.0063322592500342752 -0.017233427531024272 -0.058441631845914346 0.22677773980331439 -0.026237100764002142 0.16331837365991275 0.26387283734395295 0.084309174472528642 -0.05814664563874547 0.098648035372088064 0.022541168037061445 -0.063607473260951314 0.1543446999780872
leaf_weight=1898.2453002631664 595.5744191557169 130.94030726328492 620.62418343685567 172.94861748442054 1927.7919409312308 27.762046350166202 169.00041981786489 288.48976305127144 458.41542845964432 16327.079824522138 778.58721369504929 68.889169577509165 6.184896007180213 28.146784417331219 24.000079192221165 1180.9999351613224 89.831948295235634 57.007518365979195 76.726220991462469 35.61956574767828 11.348237708210943 119.54378283768892 14.483527690172194 15.227515816688536 147.30677124857903 16.515288777649403 3932.3910115659237 116.32550355792046 19.954812243580818 58.458052814006805
leaf_count=4196 2223 2298 20569 4534 11703 1083 3903 3638 289 22176 819 635 28 389 565 5994 804 331 867 309 28 2183 38 95 804 143 1581 221 143 128
internal_value=0 0.0823378 0.0503399 0.0579178 0.042974 0.00880757 0.0488401 0.0540042 0.0848046 0.0820825 0.0583337 0.0545407 0.139103 0.0779616 0.103251 0.0592824 0.070939 0.0777495 0.0514929 0.0330844 0.0384559 0.0356562 -0.00575298 0.0475268 0.0864405 0.0699479 0.0955579 0.0744151 0.0541213 0.0553041
internal_weight=0 24225.9 5188.56 4398.2 2499.95 790.365 2327.01 1913.51 22312.3 17805.2 1478.14 2158.01 75.0741 169.741 141.979 1782.57 113.832 835.595 2082.93 642.542 606.923 601.567 134.027 467.539 179.05 163.822 4507.13 574.741 2006.2 1986.25
internal_count=92717 43170 49547 26137 21941 23410 17407 15193 27977 25886 3710 13504 663 2841 1758 12895 1369 1150 12841 2560 2251 6901 2221 4680 1042 947 2091 510 11974 11831
cat_boundaries=0 1
cat_threshold=2165
is_linear=0
shrinkage=0.05


Tree=12
num_leaves=31
num_cat=2
split_feature=2 4 4 1 0 8 3 3 4 2 3 4 4 3 3 3 4 4 4 3 4 3 0 3 3 7 3 4 3 4
split_gain=1550.9 754.031 715.614 353.597 421.994 259.337 231.125 179.701 263.627 165.805 720.278 307.673 369.034 252.717 380.29 236.255 210.889 210.035 391.796 204.533 161.487 466.933 136.645 136.413 127.407 193.885 120.326 117.573 115.676 219.388
threshold=0 0.0030375000000000007 0.0077730000000000013 325.15000000000003 1.0850000000000002 1.0000000180025095e-35 0.016681500000000005 0.059394000000000009 0.015211500000000001 1 0.020553000000000005 0.0048425000000000004 0.0034880000000000002 0.039514500000000008 0.039777500000000007 0.021173500000000001 0.0033875000000000003 0.0033305000000000006 0.0032515000000000005 0.024409500000000004 0.0012695000000000002 0.0090885000000000011 1.0550000000000004 0.0073745000000000008 0.040501000000000009 1.0000000180025095e-35 0.020813500000000002 0.0031410000000000001 0.0021455000000000003 0.0007130000000000002
decision_type=9 2 2 2 2 2 2 2 2 9 2 2 2 2 2 2 2 2 2 2 2 2 2 2 2 2 2 2 2 2
left_child=1 3 5 -1 28 9 -3 8 24 -2 20 12 15 19 -15 16 17 18 26 -13 21 23 -8 -11 25 -4 -12 -7 -5 -30
right_child=2 6 7 4 -6 27 22 -9 -10 10 11 13 -14 14 -16 -17 -18 -19 -20 -21 -22 -23 -24 -25 -26 -27 -28 -29 29 -31
leaf_value=0.071321774189623072 0.08490375779601482 0.13565829608167132 -0.034484870558180683 0.077321278138527669 -0.034809450847014554 0.071409852533212623 -0.021324096075315744 0.069300118416062498 -0.014207283044028305 0.083130532644914643 0.03028368459577014 0.25750749364357722 -0.031457950283044135 -0.057927280502664297 0.060599578325589966 0.08890640249567297 -0.039619912209550287 0.090892199008241734 -0.028231363658805908 0.073699599855085646 0.081668236455357979 -0.064394043026267209 0.017679946670377873 0.038630007888475967 0.051775678667914382 0.30620718592251189 0.085709654188840662 0.093525636211429355 -0.0060385879802302778 0.049587626631717105
leaf_weight=1960.3348708823323 5393.1873459517956 33.656612820923328 72.260417323559523 298.60255701839924 163.72724671475589 712.76530422270298 370.61470941640437 735.10703555494547 201.0122827924788 579.91098414361477 207.86267711222172 15.319665163755415 189.90210139751434 94.466112948954105 238.60927887260914 231.43045514822006 91.833159066736698 163.14680556952953 209.78216730058193 1253.8807750344276 8817.6387210786343 70.220262981951237 569.76204792037606 244.95677657425404 1143.2527109570801 4.4321250915527335 185.13409270346165 3831.004297092557 197.55510448664427 1724.8423565067351
leaf_count=4196 4771 207 709 475 4441 608 12062 2816 3388 690 877 26 1714 813 625 470 816 278 1578 2340 8441 466 14976 891 9191 1 194 1467 2418 10772
internal_value=0 0.0465891 0.076719 0.0555899 0.0426577 0.0793834 0.00691572 0.049231 0.0388485 0.0766873 0.0730434 0.0511476 0.032861 0.0657458 0.0269833 0.0440752 0.0319793 0.0405639 0.0269422 0.0759182 0.0796141 0.0593788 0.00230795 0.0699154 0.0475906 -0.014796 0.0563939 0.0900564 0.0483684 0.0438712
internal_weight=0 5319.1 24687.1 4345.06 2384.73 22531.1 974.033 2156.06 1420.96 17987.3 12594.1 2881.37 1279.09 1602.28 333.075 1089.19 857.759 765.926 602.779 1269.2 9712.73 895.088 940.377 824.868 1219.95 76.6925 392.997 4543.77 2221 1922.4
internal_count=92717 49547 43170 22302 18106 27065 27245 16105 13289 24990 20219 9731 5927 3804 1438 4213 3743 2927 2649 2366 10488 2047 27038 1581 9901 710 1071 2075 13665 13190
cat_boundaries=0 1 2
cat_threshold=2165 256
is_linear=0
shrinkage=0.05


Tree=13
num_leaves=31
num_cat=2
split_feature=2 4 4 3 0 5 3 5 8 5 3 3 5 5 2 5 0 3 4 5 3 0 3 5 3 5 5 3 4 5
split_gain=1428.08 624.705 333.315 498.404 319.161 250.796 244.511 219.035 216.196 292.619 191.877 680.897 283.908 200.184 185.833 181.532 179.605 179.55 194.374 193.113 179.541 172.508 165.516 157.988 154.265 146.218 604.594 144.889 198.243 140.663
threshold=0 0.011481000000000003 0.0068850000000000005 0.039777500000000007 1.1150000000000004 35.950142529869105 0.016578000000000006 71.279730843890761 1.0000000180025095e-35 18.95123805810433 0.038022500000000008 0.020657500000000002 79.868299609614709 125.92291271453382 1 34.61541539192995 1.5000000000000002 0.015078500000000002 0.0016850000000000001 135.60650074463726 0.011295500000000002 1.2050000000000003 0.057516000000000005 585.18100397650528 0.020706500000000006 54.500490844783982 53.768713629138979 0.030005500000000004 0.0032515000000000005 361.5502871447116
decision_type=9 2 2 2 2 2 2 2 2 2 2 2 2 2 9 2 2 2 2 2 2 2 2 2 2 2 2 2 2 2
left_child=1 8 4 23 6 -5 17 -3 9 -1 11 13 27 -11 15 -6 -7 18 -2 -19 -16 25 29 -4 -14 26 -17 28 -13 -9
right_child=2 7 3 5 14 16 -8 22 -10 10 -12 12 24 -15 20 21 -18 19 -20 -21 -22 -23 -24 -25 -26 -27 -28 -29 -30 -31
leaf_value=0.039573470396373107 0.045645546112885897 -0.015159451780055205 -0.015383060018578086 -0.02023337158184655 -0.06147875347592472 -0.0081309275012823711 -0.016036941190708077 0.024628051147939478 0.084985116615627854 0.066989055122684327 0.081866327777765202 0.049695733979996999 -0.063173929237211421 0.08179659542498012 -0.055226826132316588 -0.051797432039826931 0.058662990255498149 0.026187171166134861 -0.018485973007243892 0.17035821309701557 0.071158678135918293 0.055088979400065907 0.080738943596023904 0.14165086098086088 0.055071981261662073 -0.052399862992049719 1.1278766282205523 0.059326870101865117 -0.037903647421360619 0.08433101362401875
leaf_weight=642.99972881004214 2118.7393433526158 168.52899707853794 521.74511367827654 129.38856393657625 42.870220988988876 110.24049929156899 176.83477085083723 610.35722109675407 4503.2564127370715 3968.9105180799961 5215.659965056926 91.672682926058769 28.202739208936691 5371.5808469578624 28.385290808975697 5.1726209949702016 1156.0825220439583 39.117160119116306 125.12834262475371 57.178915090858936 2796.8896908685565 514.79446130618453 260.20811714977026 16.524117637425661 1254.4799229763448 62.753213258460164 1.3747986909002063 92.335459273308516 218.58207853883505 117.6781799197197
leaf_count=1798 12035 3456 16409 1960 481 3422 4162 5851 2065 5202 5084 233 171 4290 332 165 5836 358 2641 362 5026 1929 927 225 3871 1856 8 364 1798 400
internal_value=0 0.0732829 0.0482889 0.0303103 0.0541947 0.0460732 0.0406545 0.0375268 0.0752511 0.0726549 0.0739646 0.0702268 0.0409748 0.0755047 0.0640667 0.0372364 0.0528482 0.0449384 0.0420693 0.111793 0.0696424 0.0451192 0.0465116 -0.0105623 0.0524721 -0.0289404 0.195905 0.00434352 -0.0120202 0.0342783
internal_weight=0 22544.5 7903.22 1933.98 5969.24 1395.71 2517 1156.77 21387.7 16884.4 16241.4 11025.8 1685.27 9340.49 3452.24 626.965 1266.32 2340.16 2243.87 96.2961 2825.27 584.095 988.244 538.269 1282.68 69.3006 6.54742 402.59 310.255 728.035
internal_count=92717 35510 57207 27852 29355 11218 19558 10634 24876 22811 21013 15929 6437 9492 9797 4439 9258 15396 14676 720 5358 3958 7178 16634 4042 2029 173 2395 2031 6251
cat_boundaries=0 1 2
cat_threshold=770 2144
is_linear=0
shrinkage=0.05


Tree=14
num_leaves=31
num_cat=3
split_feature=2 3 2 1 3 8 5 3 5 2 3 3 3 5 5 3 0 1 5 5 0 0 5 5 5 3 3 3 5 5
split_gain=1349.61 501.022 281.725 377.337 334.007 226.764 264.572 307.485 157.814 166.681 162.817 154.908 162.535 275.737 159.768 139.131 210.422 152.032 131.86 302.112 383.438 229.251 322 1134.37 166.494 127.43 118.777 581.816 178.919 118.459
threshold=0 0.042279500000000005 1 351.60000000000008 0.016578000000000006 1.0000000180025095e-35 30.420140446427101 0.038022500000000008 34.61541539192995 2 0.039514500000000008 0.050114500000000006 0.050257500000000004 72.037096372817814 88.942185493459746 0.015078500000000002 1.0850000000000002 361.00000000000006 112.16299456532965 113.16440880279745 0.89500000000000013 1.0550000000000004 125.92291271453382 123.88608065021381 585.18100397650528 0.011295500000000002 0.038022500000000008 0.020553000000000005 38.055774013067357 428.57269638143396
decision_type=9 2 9 2 2 2 2 2 2 9 2 2 2 2 2 2 2 2 2 2 2 2 2 2 2 2 2 2 2 2
left_child=1 5 -2 8 15 6 7 -1 9 10 -4 -3 -13 -14 -15 16 -5 -17 -6 20 -20 -21 23 -23 -24 -10 27 -8 -29 -19
right_child=2 11 3 4 18 -7 26 -9 25 -11 -12 12 13 14 -16 17 -18 29 19 21 -22 22 24 -25 -26 -27 -28 28 -30 -31
leaf_value=0.024001404126919396 0.0050278770076420919 0.020913921013566178 0.059082472728965697 0.04065462647353988 -0.027623407834349408 0.080730694102050679 0.07226243150273437 0.069766924471961617 -0.055010968801818397 -0.052555698600954263 -0.013450870955111494 0.1584315440844303 -0.054925175844865295 0.13449894374135843 0.050338613756791585 0.42726664996809433 -0.057880437930487895 0.067574594384700468 1.1409004696316172 -0.0080888979854489684 -0.051373158273121111 -0.05135650751871005 0.00116651025249273 1.3122307954385013 0.22455119338688712 0.059576557383513057 0.076638088643036395 -0.06067599903289457 0.043435928185034986 0.24290413727600613
leaf_weight=704.4879882261157 433.6298888027668 648.86378537118435 281.47075176984072 2255.8818752989173 270.83935155533254 4503.3636097460985 9082.2893394529819 766.16995326429605 24.402077235281467 50.31724021397531 106.69642974436283 36.961737759411335 55.841355737298727 66.382394783198833 374.6851242184639 3.3756692670285693 55.514700245112181 90.763550452888012 1.3599321208894246 183.10921416431665 1.337636077776551 4.2496439889073363 30.189876452088356 2.379053995013237 11.525721885263918 4246.6769039537758 4733.8703976273537 42.273837480694056 1731.4989881180227 10.777783758938311
leaf_count=2604 10487 7797 619 12841 9801 2066 8419 720 295 530 920 105 781 243 1684 28 1899 664 16 5377 52 166 813 31 46 12594 4592 346 6153 28
internal_value=0 0.0689827 0.0449136 0.0471706 0.0331152 0.0707509 0.0681166 0.0478439 0.0559892 0.0274236 0.0381619 0.0373276 0.0572766 0.0497524 0.0630051 0.0408442 0.038288 0.0971586 -0.00386716 0.0236114 0.549691 0.01748 0.114325 0.438038 0.0628861 0.0589219 0.070029 0.0671471 0.0409547 0.0861844
internal_weight=0 22746.7 8064.5 7630.87 2921.3 21564 17060.6 1470.66 4709.56 438.484 388.167 1182.73 533.871 496.909 441.068 2416.31 2311.4 104.917 504.99 234.151 2.69757 231.454 48.3443 6.6287 41.7156 4271.08 15589.9 10856.1 1773.77 101.541
internal_count=92717 35510 57207 46720 31762 24900 22834 3324 14958 2069 1539 10610 2813 2708 1927 15460 14740 720 16302 6501 68 6433 1056 197 859 12889 19510 14918 6499 692
cat_boundaries=0 1 2 3
cat_threshold=770 2112 1168
is_linear=0
shrinkage=0.05


Tree=15
num_leaves=31
num_cat=0
split_feature=4 1 1 6 3 5 8 3 4 5 1 3 5 5 5 5 4 3 4 1 3 3 3 3 3 5 3 5 4 5
split_gain=1003.01 646.787 464.266 433.336 505.569 269.176 223.17 373.784 343.322 203.573 191.612 188.194 169.481 177.259 168.048 173.854 203.27 146.176 396.103 294.42 174.66 174.224 163.091 145.504 206.271 141.525 136.809 196.744 135.812 132.943
threshold=0.0074565000000000005 284.50000000000006 261.10000000000008 1.0000000180025095e-35 0.020553000000000005 33.215642637763402 1.0000000180025095e-35 0.026419500000000002 0.0034880000000000002 21.399926047583165 300.2000000000001 0.020458500000000004 268.57277233437998 79.868299609614709 234.91122439578035 238.0977709858756 0.011158500000000002 0.0071425000000000004 0.0012805000000000002 422.40000000000003 0.010738500000000002 0.012087000000000002 0.010317000000000002 0.013272000000000001 0.012750500000000001 55.85513870634616 0.059132500000000011 208.97828956000583 0.0011925000000000002 125.92291271453382
decision_type=2 2 2 2 2 2 2 2 2 2 2 2 2 2 2 2 2 2 2 2 2 2 2 2 2 2 2 2 2 2
left_child=1 3 5 4 11 -2 7 8 12 -9 -3 29 13 25 -4 16 -16 -12 20 21 22 -20 -19 24 -23 -6 27 -7 -24 -1
right_child=2 10 14 -5 6 26 -8 9 -10 -11 17 -13 -14 -15 15 -17 -18 18 19 -21 -22 23 28 -25 -26 -27 -28 -29 -30 -31
leaf_value=0.059940291528289197 -0.029593155101236446 -0.037696150747402034 -0.024647804697499373 0.088440539180757394 0.029837223539686476 0.022081863066004067 0.070410761587258938 0.013769572489491792 -0.038150700027686696 0.05858642210319745 0.063353810821594733 0.080911792899755947 -0.041466753496615855 0.054659644956273193 0.69778068736618837 0.03548656896798371 -0.052967521803253294 0.01515298331060428 0.068458321901255226 -0.0059362889449850152 -0.045372714268490218 0.040375324428717746 0.080912993100003772 0.051347594782108763 -0.056868297686844795 -0.046559520410939165 0.059243330041348387 0.061095206570981456 -0.07074723560929233 0.072799352628229744
leaf_weight=3825.2150449305773 129.19197573326528 64.449706144630909 423.49005352333188 1992.690646648407 231.53330839425325 983.92911769263446 1736.8821478486061 267.23492555320263 178.45040714368224 4888.481272764504 1377.2404072657228 3274.2872141748667 65.605957232415676 743.0012064576149 2.1625815704464908 90.206436896696687 1.5463049206882713 817.87331220507622 1555.8361809849739 203.80181728489697 97.644624881446362 182.78980205953121 166.18269526958466 1797.8168662209064 77.719025308266282 82.122810028493404 951.68541860580444 481.20399822667241 16.200699701905251 4235.4938863813877
leaf_count=4675 2588 375 16290 250 1056 11501 1085 831 1795 7872 4420 1470 395 2244 26 1854 37 5364 2337 4087 845 1318 483 7567 2165 518 3352 2491 117 3064
internal_value=0 0.0620904 0.0319494 0.0662298 0.0639634 0.0407241 0.0545008 0.0502208 0.026269 0.0562634 0.0480784 0.0708032 0.0365123 0.0413539 -0.0112289 0.0492808 0.38478 0.0489568 0.0449234 0.0525343 0.0184561 0.0558315 0.0246871 0.0462871 0.0113641 0.0098347 0.044483 0.0348953 0.0674414 0.0666971
internal_weight=0 27878.6 3063.42 21521 19528.3 2546.01 8193.31 6456.43 1300.71 5155.72 6357.56 11335 1122.26 1056.66 517.405 93.9153 3.70889 6293.11 4915.87 3817.96 1097.9 3614.16 1000.26 2058.33 260.509 313.656 2416.82 1465.13 182.383 8060.71
internal_count=92472 54333 38139 25255 25005 19932 15796 14711 6008 8703 29078 9209 4213 3818 18207 1917 63 28703 24283 17474 6809 13387 5964 11050 3483 1574 17344 13992 600 7739
is_linear=0
shrinkage=0.05


Tree=16
num_leaves=31
num_cat=2
split_feature=2 6 4 4 1 4 0 4 1 4 0 2 4 5 5 7 5 5 5 4 5 5 5 7 5 5 1 0 5 5
split_gain=1279.67 489.884 511.391 381.462 274.985 247.323 244.846 239.098 164.031 376.445 206.052 155.863 182.397 238.462 220.495 183.904 155.821 146.233 142.298 137.99 125.477 120.246 114.209 103.148 111.213 98.7318 96.0808 144.241 139.734 92.1842
threshold=0 1.0000000180025095e-35 0.0031830000000000005 0.0068850000000000005 434.50000000000006 0.0031410000000000001 1.5000000000000002 0.0069895000000000001 302.90000000000003 0.0016850000000000001 1.2350000000000001 1 0.0033875000000000003 123.88608065021381 268.57277233437998 1.0000000180025095e-35 25.437447386452721 52.411728613298166 128.06996230840952 0.0048425000000000004 37.319136461777084 234.91122439578035 249.56083018496517 1.0000000180025095e-35 234.91122439578035 214.31563920994975 403.70000000000005 0.95500000000000007 122.81197263166008 245.64930952185787
decision_type=9 2 2 2 2 2 2 2 2 2 2 9 2 2 2 2 2 2 2 2 2 2 2 2 2 2 2 2 2 2
left_child=3 2 5 4 8 18 21 -8 -1 23 26 12 14 15 -4 -14 -13 -12 -2 -15 -9 -5 -23 24 25 -10 -11 -28 -29 -26
right_child=1 -3 11 6 -6 -7 7 20 9 10 17 16 13 19 -16 -17 -18 -19 -20 -21 -22 22 -24 -25 29 -27 27 28 -30 -31
leaf_value=0.055700765882870366 0.055409039256976503 0.085187265958566863 0.055719371897412266 -0.02303414242399518 -0.0048994358408073219 0.077243652331842674 -0.042123989569744252 -0.030914367155375062 0.043256183786840798 -0.029107436056697408 -0.062921075883927716 0.023331293624996027 0.007223374484166158 0.0043508159533805681 -0.043234211281767077 0.2046268573218093 0.058146683925373477 0.051639728249237619 0.067341641612289893 0.054064029524442114 0.045657172422705693 0.16373189778679173 0.014988087041552184 0.13941330178237862 0.12551988409339573 -0.031914110749922855 -0.052396905714960786 -0.057798923238315425 0.11957035370734492 0.059866277865458811
leaf_weight=2206.5399597547948 4938.5337333679199 1966.0125584602356 1813.3816149160266 457.33796988800168 287.50637600198388 3293.9394219741225 100.42830653488636 57.849072881042957 1905.4033220633864 328.29096439853311 31.344765532761812 344.26335916668177 797.61385976150632 165.66471988521516 58.099537938833237 11.975505352020262 4835.8525393754244 250.24244827777147 5056.6459871381521 886.72876163572073 711.96095095202327 14.980591427534817 93.151784988120198 30.094604834914207 65.329185657203197 44.70711387693882 35.019455032423139 14.774141371250151 44.701070364564657 294.43647197261453
leaf_count=4236 6733 250 3281 17870 3285 1608 812 873 8622 5880 219 984 8971 1561 324 2 9163 693 4428 3988 3855 295 1832 12 125 284 931 188 177 990
internal_value=0 0.0612398 0.0591469 0.0367071 0.0427135 0.0653616 0.0137924 0.0304369 0.0453205 0.0377969 0.00575062 0.0498815 0.0415127 0.0305443 0.0526474 0.0101434 0.0557253 0.0388874 0.0614458 0.0462383 0.039903 -0.0118228 0.035595 0.0474434 0.0462452 0.0415329 -0.0163194 0.0281083 0.0755103 0.0717882
internal_weight=0 24168.7 22202.7 6974.1 5538.39 13289.1 1435.71 870.238 5250.88 3044.34 704.373 8913.58 3733.46 1861.98 1871.48 809.589 5180.12 281.587 9995.18 1052.39 769.81 565.47 108.132 2339.97 2309.88 1950.11 422.786 94.4947 59.4752 359.766
internal_count=92472 41293 41043 51179 25642 12769 25537 5540 22357 18121 8088 28274 18127 14522 3605 8973 10147 912 11161 5549 4728 19997 2127 10033 10021 8906 7176 1296 365 1115
cat_boundaries=0 1 2
cat_threshold=3188 515
is_linear=0
shrinkage=0.05


Tree=17
num_leaves=31
num_cat=2
split_feature=2 6 4 4 4 1 5 7 5 1 5 4 2 4 5 1 1 4 5 4 5 1 1 5 5 5 4 4 1 4
split_gain=1194.08 495.866 497.701 335.593 242.299 228.975 199.774 186.389 154.175 182.619 155.704 146.97 146.624 177.01 180.358 137.281 199.129 136.45 134.717 128.309 123.094 118.678 307.952 114.438 135.158 134.639 115.557 163.093 175.614 152.922
threshold=0 1.0000000180025095e-35 0.0031830000000000005 0.0071605000000000011 0.0031410000000000001 434.50000000000006 141.98858618898055 1.0000000180025095e-35 75.594534593981066 434.15000000000003 70.56529304358989 0.010580000000000001 1 0.015649000000000003 428.57269638143396 431.4500000000001 426.75000000000006 0.00086100000000000011 128.06996230840952 0.0013060000000000001 46.9504345995962 325.15000000000003 370.65000000000003 292.66069720820161 361.5502871447116 228.97007857728582 0.014911000000000002 0.0034170000000000003 169.00000000000003 0.0031990000000000005
decision_type=9 2 2 2 2 2 2 2 2 2 2 2 9 2 2 2 2 2 2 2 2 2 2 2 2 2 2 2 2 2
left_child=3 2 4 5 18 7 -5 8 10 21 15 -8 20 23 -15 16 17 -1 -2 -19 -4 -10 -23 25 -25 26 27 29 -29 -14
right_child=1 -3 12 6 -6 -7 11 -9 9 -11 -12 -13 13 14 -16 -17 -18 19 -20 -21 -22 22 -24 24 -26 -27 -28 28 -30 -31
leaf_value=0.1097073288924845 0.052360803499812703 0.082314258921913963 0.037842162113032166 -0.011428025104710561 0.07388297711192815 -0.0046732733427382314 -0.051467713937834086 0.11239647294557267 0.050167263598500544 0.11449065816996547 -0.035804441812582438 0.04298002446238567 -0.0097396321358920145 -0.01892431495351404 0.097468631056848387 -0.056575817134677825 0.19275763226504392 -0.014944381295555614 0.063955289397411894 0.033552288085111147 0.057834121211555657 -0.042191528166587354 0.039356589403670129 -0.046432557827946919 0.033387914208659816 0.074915447730018653 0.076528406927700243 0.055656999793367801 0.017848590742013795 0.053314452396960768
leaf_weight=53.445975184440613 4964.0294313132763 1933.7092456817627 981.28154479712248 577.15331269986928 3272.1110987216234 286.37883983924985 45.94931591488421 90.319035699591041 2506.8348031751812 93.004848435521126 93.020531978458166 397.61175673268735 101.92245681583881 212.45278682932258 39.465574748814106 43.658870831131935 19.342978671193123 152.86486296355724 5058.0834241732955 1265.2667317353189 3575.2825637832284 127.02562696114182 1306.4872829131782 74.863520886749029 181.87583946250379 334.40974152088165 224.08086743205786 416.3538363724947 1170.7526510246098 1700.1072914004326
leaf_count=84 6733 250 1915 17285 1608 3285 1788 39 5225 427 649 4978 394 3154 99 448 60 1463 4428 5358 5618 3263 6827 521 736 985 1121 1148 9588 2995
internal_value=0 0.0580016 0.05592 0.0344309 0.0620694 0.0389624 0.00796377 0.0411352 0.0399982 0.04524 0.0270088 0.033196 0.0468495 0.0399304 -0.000690176 0.0308163 0.0333754 0.0312804 0.0582125 0.0283247 0.0534115 0.0436054 0.0321305 0.0424593 0.0101128 0.044563 0.0417538 0.0394546 0.0277671 0.0497481
internal_weight=0 24240.8 22307.1 7058.36 13294.2 6037.65 1020.71 5751.27 5660.95 4033.35 1627.6 443.561 9012.85 4456.28 251.918 1534.58 1490.92 1471.58 10022.1 1418.13 4556.56 3940.35 1433.51 4204.37 256.739 3947.63 3613.22 3389.14 1587.11 1802.03
internal_count=92472 41293 41043 51179 12769 27128 24051 23843 23804 15742 8062 6766 28274 20741 3253 7413 6965 6905 11161 6821 7533 15315 10090 17488 1257 16231 15246 14125 10736 3389
cat_boundaries=0 1 2
cat_threshold=3188 256
is_linear=0
shrinkage=0.05


Tree=18
num_leaves=31
num_cat=1
split_feature=2 6 8 4 4 1 4 4 4 4 1 8 4 3 1 3 3 3 3 4 3 7 4 3 7 3 3 3 3 3
split_gain=1006.63 530.804 587.876 474.589 255.106 250.559 440.622 248.626 228.39 226.455 185.419 165.249 161.795 367.924 160.896 157.989 154.141 145.898 119.077 144.19 124.009 116.16 109.187 106.571 101.733 108.382 170.081 94.7602 100.238 91.2099
threshold=0 1.0000000180025095e-35 1.0000000180025095e-35 0.0031830000000000005 0.0048425000000000004 325.15000000000003 0.0016850000000000001 0.0034880000000000002 0.0068850000000000005 0.0069895000000000001 440.55000000000001 1.0000000180025095e-35 0.0012805000000000002 0.0085970000000000022 370.65000000000003 0.020607500000000004 0.021173500000000001 0.021115500000000002 0.021085500000000004 0.0032515000000000005 0.020813500000000002 1.0000000180025095e-35 0.0031410000000000001 0.024409500000000004 1.0000000180025095e-35 0.007712000000000001 0.0092405000000000022 0.0019975000000000006 0.0073745000000000008 0.049005500000000007
decision_type=9 2 2 2 2 2 2 2 2 2 2 2 2 2 2 2 2 2 2 2 2 2 2 2 2 2 2 2 2 2
left_child=5 2 3 12 7 15 10 16 23 -10 14 -12 13 27 -7 -1 17 18 19 20 -5 -11 -4 -6 25 -16 -27 -2 -29 -17
right_child=1 -3 22 4 8 6 -8 -9 9 21 11 -13 -14 -15 24 29 -18 -19 -20 -21 -22 -23 -24 -25 -26 26 -28 28 -30 -31
leaf_value=0.050242483158338395 -0.077088490765166731 0.079761192464034583 0.05040227563221486 0.010893464954742893 0.16011074812174572 -0.054469257841860588 -0.011139531315516342 -0.024358257373289935 -0.042163994745811097 0.033195473132427787 -0.033446307067642234 0.13551984403613598 0.058071782864960647 -0.034654457832306203 0.065098368915885205 0.012414595122326191 0.066490154075240171 -0.056699541011700785 0.070667327906825547 -0.0064186978411847175 0.065694283418549757 0.13193036151573589 0.071593921147241793 0.049560061044538466 0.13018827973049754 -0.020648436556780985 0.037801442420630035 0.057332794895168661 0.021797498812844707 0.039171192664041732
leaf_weight=1906.2521957531571 14.812441170215605 1896.7549476623535 720.61506670713425 208.71297769248486 21.903663322329521 46.6656812466681 786.72287482768297 255.9234308693558 100.520294316113 2387.0321742966771 152.78355701267719 15.984242781996725 8885.2980641573668 148.47262058407068 307.58137546479702 560.14712705276906 232.53767246007919 56.778609819710255 127.46906274557114 327.68499068170786 204.26732386648655 30.165331363677979 3883.5794158577919 4604.2453933879733 30.438067711889744 136.71180836856365 1388.713092289865 979.9254230633378 248.84743489325047 738.33829179033637
leaf_count=3497 65 250 632 802 111 656 21813 3535 812 14642 1916 21 8410 762 1236 8230 444 549 104 2015 199 4 1612 6457 5 1310 6239 1611 709 3824
internal_value=0 0.0542988 0.0522614 0.0483463 0.0396482 0.0314225 0.0207317 0.0202393 0.0434882 0.0313697 0.0327929 -0.0174433 0.0555886 0.039739 0.0372315 0.0410799 0.0301002 0.0209512 0.0260298 0.0183477 0.0379989 0.0344276 0.0682772 0.0500835 0.039528 0.0380225 0.032563 0.0486209 0.0501363 0.0276288
internal_weight=0 25335.5 23438.8 18834.6 8557.24 6070.34 2865.6 1413.37 7143.87 2517.72 2078.88 168.768 10277.4 1392.06 1910.11 3204.74 1157.45 924.913 868.134 740.665 412.98 2417.2 4604.19 4626.15 1863.44 1833.01 1525.42 1243.59 1228.77 1298.49
internal_count=92472 43725 43475 41231 29674 48747 33196 7648 22026 15458 11383 1937 11557 3147 9446 15551 4113 3669 3120 3016 1001 14646 2244 6568 8790 8785 7549 2385 2320 12054
cat_boundaries=0 1
cat_threshold=2292
is_linear=0
shrinkage=0.05


Tree=19
num_leaves=31
num_cat=2
split_feature=2 6 4 4 1 3 7 0 2 1 3 4 4 3 7 3 3 1 0 4 4 4 4 4 4 3 3 4 4 4
split_gain=951.687 532.722 547.82 238.041 220.333 390.205 188.455 181.872 157.618 153.916 142.557 136.497 129.221 339.641 91.2927 97.4148 164.499 110.126 118.169 90.2804 145.92 158.684 102.35 120.303 112.408 97.8436 342.28 168.386 190.946 129.84
threshold=0 1.0000000180025095e-35 0.0031830000000000005 0.0031410000000000001 325.15000000000003 0.016681500000000005 1.0000000180025095e-35 1.0850000000000002 1 434.50000000000006 0.020607500000000004 0.015211500000000001 0.0012805000000000002 0.0085970000000000022 1.0000000180025095e-35 0.007712000000000001 0.0092405000000000022 426.75000000000006 0.93500000000000016 0.014911000000000002 0.0068850000000000005 0.0069895000000000001 0.013299500000000002 0.013109000000000001 0.012883500000000001 0.020919500000000004 0.020851000000000005 0.0033535000000000001 0.0048425000000000004 0.0034880000000000002
decision_type=9 2 2 2 2 2 2 2 9 2 2 2 2 2 2 2 2 2 2 2 2 2 2 2 2 2 2 2 2 2
left_child=4 2 3 12 10 7 8 9 -4 14 -1 19 13 -2 15 -6 -17 -18 -19 20 25 -22 23 24 -23 26 -10 -27 29 -29
right_child=1 -3 6 -5 5 -7 -8 -9 11 -11 -12 -13 -14 -15 -16 16 17 18 -20 -21 21 22 -24 -25 -26 27 -28 28 -30 -31
leaf_value=0.04717846160300404 0.0468563323355837 0.077479895880483013 0.047258683440854314 0.068224331852265133 0.059747366103243861 -0.020217411411813269 0.1012587150373196 -0.038853677519610427 0.035442763130641979 -0.0037681335589490189 0.02584257629011625 -0.0090605566986541059 0.054930784399691818 -0.033524718604498065 0.12063472293954347 -0.028097154414931953 0.031124209456857035 -0.056844167347334565 0.13044796237635112 0.064683211187064105 -0.041325101261798808 0.03060344699994243 -0.010441585106943811 0.11384098607927562 -0.056300177905762763 0.067144327739925222 -0.06286935799940252 0.03297488376567901 0.048238741479651154 -0.012561338838324238
leaf_weight=1927.965029604733 1326.459609054029 1856.0013494491577 4558.1003000512719 3207.4131134748459 318.08574511855841 508.71496148779988 127.92416633665562 97.476746818050742 1009.4933099374175 280.9294621348381 1318.1922954060137 175.9633521810174 8545.311937853694 145.86937297135592 31.185002058744431 115.19962244480848 1474.40145496279 10.083632938563822 51.102128736674786 255.75299264490604 97.509803421795368 989.66807007417083 175.86883414536715 41.826188452541828 38.663902014493942 627.67170881479979 97.04433286190033 407.17721396684647 1355.1112020388246 254.31803217530251
leaf_count=3497 2431 250 7525 1608 1236 17721 23 2734 3839 3279 12054 2958 7968 762 5 1113 6823 100 185 1185 812 4966 2004 44 500 606 818 1355 2282 1789
internal_value=0 0.0516736 0.049652 0.0563693 0.0295289 0.0195283 0.0409528 0.0280293 0.0401878 0.0308875 0.0385144 0.0342081 0.0525736 0.0388927 0.0357552 0.0344108 0.0295288 0.0338519 0.0995815 0.0356951 0.0342398 0.0201007 0.0249077 0.030717 0.027336 0.0393044 0.0268207 0.0445284 0.0374892 0.0154681
internal_weight=0 25293.1 23437.1 13225.1 6133.34 2887.18 10212.1 2378.46 10084.2 2280.99 3246.16 5526.07 10017.6 1472.33 2000.06 1968.87 1650.79 1535.59 61.1858 5350.11 5094.35 1343.54 1246.03 1070.16 1028.33 3750.82 1106.54 2644.28 2016.61 661.495
internal_count=92472 43725 43475 12769 48747 33196 30706 15475 30683 12741 15551 23158 11161 3193 9462 9457 8221 7108 285 20200 19015 8326 7514 5510 5466 10689 4657 6032 5426 3144
cat_boundaries=0 1 2
cat_threshold=2292 256
is_linear=0
shrinkage=0.05


Tree=20
num_leaves=31
num_cat=2
split_feature=4 2 6 8 5 5 3 4 4 4 3 3 5 4 5 3 5 3 5 1 2 3 1 4 5 3 1 3 3 5
split_gain=932.249 585.003 431.527 474.948 415.898 307.507 193.479 364.482 249.78 163.144 231.883 139.827 139.018 134.463 186.461 350.465 166.071 160.736 143.565 244.245 130.102 122.75 109.926 287.341 123.32 117.45 208.242 265.463 130.127 113.42
threshold=0.0074565000000000005 0 1.0000000180025095e-35 1.0000000180025095e-35 47.621826425365313 24.687498797708372 0.020630000000000003 0.0048425000000000004 0.0034880000000000002 0.0012805000000000002 0.0095600000000000025 0.059394000000000009 79.868299609614709 0.015211500000000001 25.437447386452721 0.031145500000000003 112.16299456532965 0.044034500000000011 114.05647022663065 458.40000000000003 1 0.05088850000000001 325.15000000000003 0.0015465000000000003 461.15276658289253 0.0021455000000000003 407.45000000000005 0.007712000000000001 0.010054500000000003 316.08049141477613
decision_type=2 9 2 2 2 2 2 2 2 2 2 2 2 2 2 2 2 2 2 2 9 2 2 2 2 2 2 2 2 2
left_child=1 22 3 4 -3 -2 9 8 12 10 -6 13 -8 14 15 -7 17 -16 19 21 -20 -18 -1 24 25 -24 27 -27 29 -29
right_child=5 2 -4 -5 6 11 7 -9 -10 -11 -12 -13 -14 -15 16 -17 18 -19 20 -21 -22 -23 23 -25 -26 26 -28 28 -30 -31
leaf_value=0.038641760096175676 -0.05319704025551826 0.027341210194526025 0.075418198674747902 0.064250987862996919 0.040448400977183434 0.90948827293051737 -0.027085852078253883 0.048700693552778535 -0.04620362847836957 0.054772327030853031 -0.048284282769053347 0.040031658169947332 0.031915100545896455 -0.0097741322052259418 -0.028525947398737619 -0.052787050878862998 -0.054380082415344137 0.022425997650543424 -0.046148260862100408 0.64123169018760906 0.033053707242495713 0.19824037801646899 0.0541557926144762 -0.026515520773049812 0.092396643963642777 0.095525437870004365 -0.002908866393732988 -0.02619126557155026 0.036682215561291157 0.099160227311795537
leaf_weight=3192.2153413556516 137.65221888013184 2587.6386778503656 1753.9085178375244 4388.8186467438936 817.00714584439993 1.688421914353966 114.81486175954342 2968.0625559687614 146.9363279864192 9274.5294626876712 80.920173548161983 882.83715474978089 765.34286684542894 398.94207469373941 270.18594044446945 2.1524685937911272 7.8060500342398944 362.39897552318871 47.317689303308725 2.3345362916588774 1161.5228729303926 12.523222818970678 343.49787212908268 249.20065863989294 77.66815871745348 157.34891249239445 535.67087080329657 164.07724759727716 504.46107409149408 20.275593101978302
leaf_count=7089 4226 6239 242 2083 1837 44 655 3912 1402 10163 479 2614 2398 7688 9253 55 187 3150 740 8 10150 23 462 7657 209 139 4909 1662 2549 92
internal_value=0 0.0480921 0.0515634 0.049609 0.0457737 0.0199535 0.0491403 0.0398167 0.0141439 0.0528021 0.0324519 0.0231504 0.0242185 0.016576 0.0222037 0.370221 0.0214866 0.000663703 0.0321827 0.156862 0.0298452 0.101239 0.0327752 0.0238093 0.030765 0.0279905 0.0214863 0.0369299 0.0235447 -0.0124048
internal_weight=0 28142.4 22898 21144.1 16755.3 3287.36 14167.6 3995.16 1027.09 10172.5 897.927 3149.71 880.158 2266.87 1867.93 3.84089 1864.09 632.585 1231.5 22.6638 1208.84 20.3293 5244.42 2052.2 1803 1725.33 1381.83 846.163 688.814 184.353
internal_count=92316 54178 29410 29168 27085 38138 20846 8367 4455 12479 2316 33912 3053 31298 23610 99 23511 12403 11108 218 10890 210 24768 17679 10022 9813 9351 4442 4303 1754
cat_boundaries=0 1 2
cat_threshold=3121 2176
is_linear=0
shrinkage=0.05


Tree=21
num_leaves=31
num_cat=2
split_feature=4 2 5 0 3 1 5 1 5 5 3 5 4 5 3 3 7 3 3 3 4 3 3 3 5 2 5 1 1 5
split_gain=871.128 575.913 281.771 154.81 231.452 187.775 174.525 141.858 135.911 125.134 122.987 122.857 114.72 146.087 283.805 108.916 107.153 107.013 405.88 151.486 143.262 192.101 128.447 346.132 127.44 104.933 103.581 99.3876 179.314 144.464
threshold=0.0074565000000000005 0 24.687498797708372 0.9850000000000001 0.0021455000000000003 403.20000000000005 428.57269638143396 400.55000000000007 46.9504345995962 920.34553611384729 0.059394000000000009 123.88608065021381 0.015211500000000001 125.92291271453382 0.043168000000000005 0.0019975000000000006 1.0000000180025095e-35 0.020553000000000005 0.038022500000000008 0.020458500000000004 0.0033875000000000003 0.028714500000000004 0.020919500000000004 0.020851000000000005 38.755323166117414 1 29.723105570781872 440.55000000000001 416.25000000000006 40.890181329320562
decision_type=2 9 2 2 2 2 2 2 2 2 2 2 2 2 2 2 2 2 2 2 2 2 2 2 2 9 2 2 2 2
left_child=1 17 -2 4 15 7 27 8 -5 16 11 -4 13 14 -13 -3 -10 19 20 26 22 -22 23 -19 -23 -15 -1 28 -6 -30
right_child=2 3 10 5 6 -7 -8 -9 9 -11 -12 12 -14 25 -16 -17 -18 18 -20 -21 21 24 -24 -25 -26 -27 -28 -29 29 -31
leaf_value=0.032180255815971531 -0.053050412562309857 -0.077979507530988243 0.0013469645239131509 0.020076149104575107 -0.056224473520970875 0.07907986541829673 0.093588219603723724 -0.056127190510255082 0.03920222074285884 -0.075954763517185775 0.03737483209830416 0.2998720164859654 -0.0092460764479857516 -0.044585462180259404 -0.06088094393456972 0.057886655284723865 0.093128777946094782 0.037652131188747925 0.054750617812615601 0.063487922168680502 -0.0084023234969364414 -0.045051951436269208 0.05629419027897184 -0.062668009657966664 0.040528333181873627 0.031390063241220595 0.052161893725991164 -0.020276567514423804 -0.056343892107039953 0.040260595406231101
leaf_weight=714.78417159616947 131.2916176635772 15.403508320450781 915.15294353663921 1043.3801382351667 74.15424532443285 265.14708329178393 51.802734613418579 41.329021673649549 6078.4384801462293 23.347110280767083 897.90974647924304 13.718226077035071 207.68984937854111 40.414170173928142 9.0473537743091565 347.97053511440754 93.534183371812105 1145.8066195249557 5442.0301520675421 3040.5910748392344 432.44396834075451 46.818742081522942 754.42058859020472 92.956985995173454 613.84003863483667 1103.5720873083919 7001.5120874345303 368.63915332406759 43.854586081579328 329.21042285300791
leaf_count=1367 4226 67 18564 3953 791 759 291 679 17407 156 2614 122 2897 656 76 403 37 2108 4504 1470 2669 231 834 807 1150 8983 5885 5271 483 2856
internal_value=0 0.0458238 0.0187347 0.0350265 0.0186258 0.0377487 0.00459554 0.0362434 0.0367708 0.0395824 0.0216915 0.015541 0.0249919 0.0310865 0.156504 0.0521273 0.0400195 0.0506929 0.0465362 0.0540356 0.0320519 0.0175053 0.0400295 0.0301241 0.0344635 0.0285907 0.0503109 -0.00105502 0.0147891 0.0289045
internal_weight=0 28061.4 3318.8 8776.21 1231.04 7545.18 867.661 7280.03 7238.7 6195.32 3187.5 2289.59 1374.44 1166.75 22.7656 363.374 6171.97 19285.2 8528.32 10756.9 3086.29 1093.1 1993.18 1238.76 660.659 1143.99 7716.3 815.858 447.219 373.065
internal_count=92316 54178 38138 33153 10162 22991 9692 22232 21553 17600 33912 31298 12734 9837 198 470 17444 21025 12303 8722 7799 4050 3749 2915 1381 9639 7252 9401 4130 3339
cat_boundaries=0 1 2
cat_threshold=768 2176
is_linear=0
shrinkage=0.05


Tree=22
num_leaves=31
num_cat=0
split_feature=8 6 3 3 1 5 3 5 3 3 5 3 5 1 3 3 1 1 5 1 7 5 1 1 5 5 5 5 5 5
split_gain=737.038 853.064 484.075 475.217 415.459 461.134 358.42 242.866 167.052 268.207 190.266 130.942 116.941 125.379 236.759 167.21 148.099 213.203 184.561 211.466 112.583 107.743 103.101 91.6751 92.5004 364.303 96.4328 418.528 121.472 228.555
threshold=1.0000000180025095e-35 1.0000000180025095e-35 0.020607500000000004 0.019384500000000002 236.90000000000003 79.868299609614709 0.016109000000000002 29.723105570781872 0.039514500000000008 0.039777500000000007 33.215642637763402 0.020684500000000005 262.98132565853007 407.10000000000008 0.0021455000000000003 0.0069770000000000014 440.55000000000001 426.75000000000006 179.40304736341162 433.4500000000001 1.0000000180025095e-35 46.9504345995962 416.25000000000006 424.85000000000008 129.99499425584153 130.99073196610962 179.40304736341162 177.64653731058817 161.61756096953937 163.17561563124943
decision_type=2 2 2 2 2 2 2 2 2 2 2 2 2 2 2 2 2 2 2 2 2 2 2 2 2 2 2 2 2 2
left_child=1 2 3 6 8 20 12 -5 -4 -10 -11 -7 13 15 -15 -1 17 -16 19 -19 -6 -17 -8 -24 -25 -26 27 28 -27 -30
right_child=-2 -3 4 7 5 11 22 -9 9 10 -12 -13 -14 14 16 21 -18 18 -20 -21 -22 -23 23 24 25 26 -28 -29 29 -31
leaf_value=0.085379206733368199 0.059751245593684103 0.072316187720090047 0.040340560758310759 0.019216121903901998 -0.018836663675433303 -0.063376751195059158 -0.051612926627523259 0.050444368418948664 -0.058202032493039027 -0.035205990413665976 0.030738107281949353 0.02538911051739301 0.052487334535491162 0.048249942331282283 -0.026965826643956123 0.011244191281488096 -0.03514864145066756 0.11192042383012205 0.1325557521963347 -0.014574468072987921 0.11629778942775236 0.035468277822142458 0.11257045524578216 -0.052344573860220379 0.6572215953621654 -0.053042180482945706 -0.052406814893675192 0.7941646429771837 0.56254788743106332 -0.052414381177573612
leaf_weight=152.16840426623821 4439.2921318747103 1674.7839226722717 4344.0970656573772 671.19660848006606 924.13260774873197 42.197432309389114 158.45649245381355 8599.7278030309826 96.029190994799137 115.5832865908742 2039.0848141387105 2690.8851963188499 656.69361757859588 324.27412554621696 167.75238340348005 538.80144080147147 240.70917424932122 46.69921387732029 49.942667715251446 112.9554110839963 15.674208253622053 3100.1471131630242 18.211267001926899 57.609373604878783 2.2817858271300784 15.255535066127782 27.313030688092113 1.9151678830385197 2.633690681308507 3.5440100897103548
leaf_count=125 2501 242 5830 1610 16617 354 2537 8359 815 1026 6831 22616 1674 431 1752 2353 2890 153 149 921 3 9744 49 1568 6 338 707 8 16 91
internal_value=0 0.0377606 0.0354655 0.0412071 0.0271067 0.0136296 0.0298149 0.0481835 0.0346125 0.0235568 0.0272007 0.0240186 0.0327149 0.0299718 0.0136497 0.0340288 -0.00450388 0.0150442 0.0486672 0.0224255 -0.0165829 0.0318815 -0.0246085 0.00862318 -0.00849999 0.0392088 0.0113736 0.0859841 0.0227046 0.209758
internal_weight=0 26890.8 25216 14948.3 10267.7 3672.89 5677.36 9270.92 6594.79 2250.7 2154.67 2733.08 5390.14 4733.45 942.333 3791.12 618.059 377.35 209.597 159.655 939.807 3638.95 287.22 128.764 110.553 52.9432 50.6614 23.3484 21.4332 6.1777
internal_count=92316 89815 89573 35481 54092 39590 25512 9969 14502 8672 7857 22970 20192 18518 6296 12222 5865 2975 1223 1074 16620 12097 5320 2783 2734 1166 1160 453 445 107
is_linear=0
shrinkage=0.05


Tree=23
num_leaves=31
num_cat=2
split_feature=2 8 3 5 5 1 5 3 0 0 1 0 3 3 5 1 5 5 3 2 3 5 3 3 5 5 5 3 3 3
split_gain=753.422 449.655 285.591 205.291 190.024 167.491 177.676 219.642 156.624 189.725 169.124 165.437 160.248 216.226 183.657 128.888 123.744 115.356 114.309 268.558 213.248 205.589 106.646 102.95 114.965 112.707 336.063 100.906 128.736 98.6777
threshold=0 1.0000000180025095e-35 0.041575000000000008 46.9504345995962 48.324352477285139 382.65000000000003 29.723105570781872 0.038306000000000007 0.9850000000000001 0.99500000000000011 325.15000000000003 1.0950000000000004 0.039514500000000008 0.039777500000000007 26.957125350559739 361.25000000000006 399.48748100497141 220.05037784361767 0.0202845 1 0.020553000000000005 79.868299609614709 0.020553000000000005 0.017032000000000002 285.38423697385775 161.61756096953937 189.03780730069334 0.040501000000000009 0.038262000000000004 0.044034500000000011
decision_type=9 2 2 2 2 2 2 2 2 2 2 2 2 2 2 2 2 2 2 9 2 2 2 2 2 2 2 2 2 2
left_child=8 2 5 -4 -5 6 7 22 -1 -10 12 15 16 -14 -15 -12 17 -11 -8 20 -20 -22 -2 24 -7 -25 -27 28 -23 -6
right_child=1 -3 3 4 29 23 18 -9 9 10 11 -13 13 14 -16 -17 -18 -19 19 -21 21 27 -24 25 -26 26 -28 -29 -30 -31
leaf_value=0.00059182752654182496 0.016851358636008153 0.057917748524692704 -0.053113121299570402 0.22573195099016138 -0.0081535574161531975 0.028258721060223188 0.050153069721401204 0.047258259014770897 0.071718994361502822 0.032401009001059834 0.26695810516603019 -0.041654525972494499 -0.057741167126378751 -0.057703331049972301 0.024551262212594207 0.013434966023169702 -0.033818887636964903 0.057209184156373917 0.042337204809748993 0.048960570018738901 -0.016258796423584233 0.026001912740026514 -0.031811207832538997 -0.052401300934311813 0.063827368329916645 0.217931700321607 -0.052954007214053217 0.075275191494740268 -0.059352693010893014 0.027905377611878036
leaf_weight=649.58732227981091 606.62804138660431 4200.5910432189703 93.581051426008344 11.513207726180552 228.95053195953369 2177.2491596713662 6321.4196569249034 671.09831324964762 222.75657089799643 2268.4648316595703 5.0399186685681334 150.40215908735991 92.056377120316029 70.920457636937499 1573.6013665571809 946.34904942661524 62.097720816731453 590.57812159135938 1917.2423012405634 4982.5412287246436 346.89652952924371 1266.1969600766897 138.24633009359241 76.562043149024248 253.64791403338313 17.857970612123609 31.905843261629343 99.398836553096771 45.773016579449177 1107.5109540559351
leaf_count=10654 1477 2168 2204 82 2414 5983 5610 653 515 5922 31 4506 815 1347 9846 12699 265 980 1793 5231 2098 3992 884 2105 434 192 765 115 362 6174
internal_value=0 0.0430037 0.0399529 0.0184989 0.0234705 0.0415848 0.0434411 0.0265116 0.0238741 0.0264421 0.0246909 0.00707456 0.0288581 0.0168297 0.021004 0.014778 0.0360089 0.0375255 0.0450414 0.0413092 0.0307202 0.0182276 0.00781974 0.0296831 0.0319701 -0.0143255 0.0442546 0.0267039 0.023024 0.0217281
internal_weight=0 24594.8 20394.2 1441.56 1347.97 18952.7 16395.4 1415.97 6631.85 5982.27 5759.51 1101.79 4657.72 1736.58 1644.52 951.389 2921.14 2859.04 14979.5 8658.05 3675.51 1758.27 744.874 2557.22 2430.9 126.326 49.7638 1411.37 1311.97 1336.46
internal_count=92316 44736 42568 10874 8670 31694 22215 3014 47580 36926 36411 17236 19175 12008 11193 12730 7167 6902 19201 13591 8360 6567 2361 9479 6417 3062 957 4469 4354 8588
cat_boundaries=0 1 2
cat_threshold=3312 512
is_linear=0
shrinkage=0.05


Tree=24
num_leaves=31
num_cat=2
split_feature=4 6 8 2 4 4 4 4 4 4 1 0 7 4 4 0 4 0 4 4 0 2 4 4 1 4 4 4 4 4
split_gain=735.178 605.784 677.064 229.134 217.374 457.596 172.131 146.37 245.058 125.373 130.49 117.257 114.496 110.196 105.506 105.468 102.81 160.794 220.45 145.09 103.602 79.4957 133.718 160.055 74.403 73.7076 70.15 240.613 67.9271 82.1874
threshold=0.0074565000000000005 1.0000000180025095e-35 1.0000000180025095e-35 0 0.0032515000000000005 0.0048425000000000004 0.0012805000000000002 0.0034880000000000002 0.0033305000000000006 0.00096500000000000004 426.75000000000006 1.0550000000000004 1.0000000180025095e-35 0.00079750000000000014 0.0031410000000000001 0.9850000000000001 0.0068850000000000005 1.3800000000000001 0.0015465000000000003 0.0069895000000000001 1.2350000000000001 1 0.019848500000000005 0.027577500000000001 301.65000000000003 0.0064875000000000011 0.0033875000000000003 0.0034380000000000005 0.00015700000000000005 0.00016450000000000001
decision_type=2 2 2 9 2 2 2 2 2 2 2 2 2 2 2 2 2 2 2 2 2 9 2 2 2 2 2 2 2 2
left_child=1 2 3 12 6 7 9 8 -6 13 -11 -2 16 -5 -4 -8 17 18 28 -18 25 -13 -23 -24 -22 -20 -10 -28 -1 -30
right_child=11 -3 14 4 5 -7 15 -9 26 10 -12 21 -14 -15 -16 -17 19 -19 20 -21 24 22 23 -25 -26 -27 27 -29 29 -31
leaf_value=-0.077983946399005008 -0.020877154962038933 0.069773885357624341 0.039693823085828694 -0.084505758491825955 -0.034535661154216281 0.036000778243519181 -0.003110992382464592 -0.040686917171227806 0.04212397137050683 -0.025582142851172458 0.080107989315105807 0.020437999082675389 0.085817941359957559 0.033845936103597637 0.059935465274895808 0.043493230398617001 -0.057309418155107199 0.039406775791887783 -0.029212287492196089 0.016632856662756837 -0.026721480033007922 -0.0081757706659603621 0.4857084250070936 -0.053973358142070244 0.021091114175062042 0.11002314209200602 -0.044468465859174452 0.06712304815372884 0.050491235407566885 0.024284306358275817
leaf_weight=15.171804904937742 210.53296585381031 1594.0707964897156 789.26344579085708 20.150174610316753 236.58393605798483 3904.4442094415426 122.80743521079421 200.95527592673898 306.45422039926052 201.38297226279974 34.157835625112057 2838.22117905505 76.588909476995468 821.61739461869001 3492.0056722536683 10576.87577842921 88.209700740873814 1547.8974158875644 307.44443288072944 267.62000817433 101.75279794633389 362.71688264980912 3.0101267397403708 2.5272939298301935 406.11912016943097 9.8082405179738981 111.52480942755938 85.215548537671566 350.92678555846214 2028.3113387152553
leaf_count=66 8512 242 876 144 1576 5454 1435 2004 514 1133 130 19568 32 1478 1540 12056 815 2627 7854 711 397 9974 30 54 1123 138 892 269 403 10269
internal_value=0 0.039851 0.0380237 0.0344569 0.0373503 0.0284584 0.0410402 -0.00284584 0.00743341 0.0219901 -0.0102551 0.0152697 0.0250876 0.0310128 0.0562039 0.0429583 0.0242287 0.0261637 0.0197967 -0.00169733 -0.00249114 0.0176431 -0.00433532 0.239396 0.0115118 -0.0249077 0.0271658 0.00386596 0.0274772 0.0281497
internal_weight=0 27697.4 26103.3 21822 16622.2 4845.18 11777 940.734 739.779 1077.31 235.541 3417.01 5199.85 841.768 4281.27 10699.7 5123.26 4767.43 3219.53 355.83 825.125 3206.48 368.254 5.53742 507.872 317.253 503.195 196.74 2394.41 2379.24
internal_count=92316 54178 53936 51520 27085 10709 16376 5255 3251 2885 1263 38138 24435 1622 2416 13491 24403 22877 20250 1526 9512 29626 10058 84 1520 7992 1675 1161 10738 10672
cat_boundaries=0 1 2
cat_threshold=3121 1936
is_linear=0
shrinkage=0.05


Tree=25
num_leaves=31
num_cat=1
split_feature=2 6 8 5 3 0 3 3 5 3 3 3 5 5 0 3 0 5 5 0 5 0 5 5 5 5 5 3 3 5
split_gain=885.394 565.636 520.076 497.718 266.695 236.926 144.89 142.208 140.361 156.668 185.039 140.973 136.323 133.882 124.949 261.571 132.477 121.638 108.874 94.3326 92.6028 105.839 247.706 702.67 82.9887 81.4721 85.5411 80.4141 177.724 79.1772
threshold=0 1.0000000180025095e-35 1.0000000180025095e-35 78.411713472047865 0.041575000000000008 0.9850000000000001 0.044034500000000011 0.039514500000000008 186.94015580656645 0.007712000000000001 0.010317000000000002 0.010514000000000001 920.34553611384729 37.319136461777084 1.2350000000000001 0.012750500000000001 1.0350000000000004 428.57269638143396 20.604652958465802 0.87000000000000011 52.411728613298166 1.4200000000000002 46.249021299289943 46.9504345995962 199.22977765256982 238.0977709858756 249.56083018496517 0.020200000000000006 0.0149785 361.5502871447116
decision_type=9 2 2 2 2 2 2 2 2 2 2 2 2 2 2 2 2 2 2 2 2 2 2 2 2 2 2 2 2 2
left_child=5 2 3 18 -5 17 25 8 9 -7 -11 -12 27 -9 15 -13 -17 -1 -2 -19 21 22 -15 -24 -8 -6 -27 28 -10 -26
right_child=1 -3 -4 4 6 7 24 13 12 10 11 14 -14 20 -16 16 -18 19 -20 -21 -22 -23 23 -25 29 26 -28 -29 -30 -31
leaf_value=-0.010348746729333403 0.0037336903276516962 0.068449428000675827 0.053451821404119096 0.041999706438474421 -0.042829432143121737 0.073277367043517852 0.033377233290395145 -0.056777190705599181 0.034784569771730105 -0.030391013917577314 0.067150257102979324 0.025244585864571012 -0.071329248341069879 -0.051301668169489438 0.027957886979719588 0.010582619765057855 -0.034763306410371619 0.17928484475090775 0.023848208928461765 0.029836524275629828 0.0052311798201244465 0.044494491846677309 1.7491474159583562 -0.051301561944676256 -0.010284610589933928 0.11796887967596946 -0.0072889096566771021 0.050657255527546963 -0.063843859517548604 0.037190770886773271
leaf_weight=810.07956144399941 783.17922385782003 1539.0130033493042 3960.8804285302758 10494.864277949557 130.82886926457286 137.42778351902962 1021.0435553528368 79.864576056599617 614.37374568730593 181.14025011658669 160.80637937784195 1010.5445053651929 27.747975373640656 2.5718193501234046 1931.361084099859 282.43021202087402 374.82338975556195 13.471699342131613 4770.6504970565438 48.835525084286928 840.67254721559584 95.550922570750117 0.90088783204555545 1.3599917460232971 252.93834660202265 17.87656456977129 57.382907100021839 853.33944508433342 49.343716835603118 134.53270943462849
leaf_count=12580 3149 241 2183 14881 1656 114 4436 1805 1846 1622 294 2967 233 104 5247 1539 11313 32 12881 338 7191 562 5 55 1178 45 289 2705 657 410
internal_value=0 0.0391447 0.0370771 0.0334052 0.0390893 0.0193016 0.0201715 0.0225439 0.0256607 0.0207991 0.0189692 0.0213471 0.0384961 0.00537631 0.0193007 0.00927542 -0.0152776 -0.00517082 0.0210117 0.0621494 0.0106511 0.0560407 0.284329 0.666119 0.0259008 -0.0189856 0.0224639 0.0405049 0.0274521 0.00619918
internal_weight=0 23163.2 21624.2 17663.3 12109.5 7516.65 1614.6 6644.26 5623.34 4078.53 3941.11 3759.97 1544.8 1020.92 3599.16 1667.8 657.254 872.387 5553.83 62.3072 941.056 100.384 4.8327 2.26088 1408.51 206.088 75.2595 1517.06 663.717 387.471
internal_count=92558 41349 41108 38925 22895 51209 8014 38259 28537 23096 22982 21360 5441 9722 21066 15819 12852 12950 16030 370 7917 726 164 60 6024 1990 334 5208 2503 1588
cat_boundaries=0 1
cat_threshold=3188
is_linear=0
shrinkage=0.05


Tree=26
num_leaves=31
num_cat=1
split_feature=2 6 8 5 4 4 1 4 7 5 4 5 8 4 5 5 4 4 4 5 4 5 5 5 5 5 4 4 5 4
split_gain=825.24 564.664 509.812 456.251 281.009 257.144 200.554 156.108 120.308 117.08 151.794 112.895 110.535 105.186 192.287 101.63 98.0059 195.25 114.225 89.9561 89.9109 84.3088 122.994 153.118 96.3662 84.8904 93.5761 123.391 168.593 83.2454
threshold=0 1.0000000180025095e-35 1.0000000180025095e-35 79.157246244287066 0.0074565000000000005 0.0071605000000000011 406.7000000000001 0.010308500000000002 1.0000000180025095e-35 51.029357049307301 0.00092850000000000018 428.57269638143396 1.0000000180025095e-35 0.0031410000000000001 113.16440880279745 27.67414336242172 0.0012805000000000002 0.0011000000000000001 0.0030445000000000003 920.34553611384729 0.0031830000000000005 186.94015580656645 238.0977709858756 226.01481290695639 316.08049141477613 199.22977765256982 0.012057000000000002 0.013427500000000002 196.98781741908587 0.0032515000000000005
decision_type=9 2 2 2 2 2 2 2 2 2 2 2 2 2 2 2 2 2 2 2 2 2 2 2 2 2 2 2 2 2
left_child=5 2 3 15 16 6 8 -6 9 10 -1 -8 -12 14 -4 -2 17 -5 -18 -11 -15 -7 23 25 -24 26 -23 -28 -29 -17
right_child=1 -3 13 4 7 21 11 -9 -10 19 12 -13 -14 20 -16 29 18 -19 -20 -21 -22 22 24 -25 -26 -27 27 28 -30 -31
leaf_value=0.091038618266432322 0.007097024037126508 0.067228964150821427 0.045606133048814945 0.030264540113008033 -0.046337665033917702 -0.014450608276895212 -0.007452351964423687 0.022423465853058506 0.07950393556258073 0.027920548148504299 -0.0019200016380405431 0.063657064699028737 0.068169945297813436 0.062706093537995874 -0.027026306396713586 0.030060217857928478 0.047680373270451014 -0.073984307613790753 0.036595029968036256 -0.073017197438437778 0.045809053084214291 0.0098720084116911359 -0.057834202905637011 0.13295583861698956 0.016793099234801538 -0.026668470761609282 0.44557787047156056 -0.052694870536812946 0.35490663874866085 0.016328169073110382
leaf_weight=51.847777351737022 1195.9475771784782 1489.8507995605469 554.06613771617413 858.82627572864294 86.69670307263732 712.31332365423441 713.71584369055927 1722.8485410064459 100.29049670137465 4680.8020191099495 806.89037001132965 60.551532335579395 60.466311164200306 1853.2186293005943 109.05933494865894 2318.9095081463456 4565.647409543395 47.393254905939102 4732.6730169989169 22.177686089649796 1368.7584718763828 22.190138850361109 65.851955054327846 41.830847557634115 126.08159292116761 49.117040270939469 3.234808422625064 7.034780075773595 3.9678154233843088 2105.9253199361265
leaf_count=19 4623 241 399 1774 481 19724 7308 8238 36 15541 3873 205 77 562 233 3385 3426 247 8578 166 989 297 1252 350 1282 857 4 181 37 8173
internal_value=0 0.0374441 0.0353995 0.0317873 0.0372883 0.0182849 0.0219915 0.0191291 0.0252229 0.0242547 0.00793393 -0.00189124 0.0029662 0.0517955 0.0336608 0.0200293 0.0405084 0.0248126 0.0420381 0.0274446 0.0555279 -0.00488052 0.0164684 0.0545608 -0.00881136 0.0162261 0.0740628 0.174109 0.0942966 0.0235247
internal_weight=0 23009.8 21520 17634.9 12014.1 7528.36 6496.74 1809.55 5722.47 5622.18 919.204 774.267 867.357 3885.1 663.125 5620.78 10204.5 906.22 9298.32 4702.98 3221.98 1031.62 319.309 127.375 191.934 85.5446 36.4275 14.2374 11.0026 4424.83
internal_count=92558 41349 41108 38925 22744 51209 27225 8719 19712 19676 3969 7513 3950 2183 632 16181 14025 2021 12004 15707 1551 23984 4260 1726 2534 1376 519 222 218 11558
cat_boundaries=0 1
cat_threshold=3188
is_linear=0
shrinkage=0.05


Tree=27
num_leaves=31
num_cat=2
split_feature=2 6 8 5 4 4 3 3 3 4 5 3 4 5 5 4 5 7 2 3 3 5 4 3 3 3 5 5 5 5
split_gain=772.348 562.241 498.761 419.1 266.283 231.196 187.437 169.823 162.022 141.527 115.63 112.749 122.781 106.147 142.547 101.435 176.642 99.1711 98.577 93.8828 125.214 92.0472 91.8347 178.711 114.924 89.0709 82.5338 84.47 81.0772 77.6334
threshold=0 1.0000000180025095e-35 1.0000000180025095e-35 79.157246244287066 0.0074565000000000005 0.0071605000000000011 0.010317000000000002 0.0069770000000000014 0.0068900000000000012 0.010308500000000002 44.922355512223056 0.040501000000000009 0.011687500000000002 179.40304736341162 185.09669559927607 0.0031410000000000001 113.16440880279745 1.0000000180025095e-35 1 0.041575000000000008 0.044034500000000011 27.67414336242172 0.0012805000000000002 0.0095600000000000025 0.0202845 0.020553000000000005 31.783487999943102 35.25753410801584 920.34553611384729 461.15276658289253
decision_type=9 2 2 2 2 2 2 2 2 2 2 2 2 2 2 2 2 2 9 2 2 2 2 2 2 2 2 2 2 2
left_child=5 2 3 21 22 6 7 8 13 -6 18 29 -13 -1 -15 16 -4 28 -8 -14 -21 -2 23 -5 -24 -17 -20 -28 -12 -11
right_child=1 -3 15 4 9 -7 10 -9 -10 11 17 12 19 14 -16 25 -18 -19 26 20 -22 -23 24 -25 -26 -27 27 -29 -30 -31
leaf_value=-0.019323493632957288 0.0067306038711341309 0.066108883366390703 0.044004473224134311 0.028690518779970899 -0.045186031405986406 -0.0047023748697928398 0.016358032945555833 -0.021950651558673651 0.061164133491022933 -0.059387092582909196 0.026444800174948782 0.077397245110894339 0.06691646703051983 0.20478739749564082 0.020260640580223067 0.061233578273980641 -0.025456353240977038 0.076553245750034457 -0.065503309191379921 -0.019100963577951852 0.023018044626733351 0.022354703129917192 0.045850544550882173 -0.072446210000875644 0.034692677553450513 0.044241134258712907 0.065511850982818462 -0.028670244905723764 -0.07202127490258764 0.086569276550601038
leaf_weight=216.47957450896502 1197.9502492956817 1440.5875749588013 545.73538163304329 860.59806527942419 84.516838923096657 1027.0901933796704 544.29146286845207 452.09415730088949 163.50737309455872 64.619499906897545 4748.0734324790537 100.3094674795866 101.18112222850323 12.167609937489031 74.836931221187115 1804.1442125141621 109.97167675197124 99.071770254522562 77.939236564561725 205.20100900903344 1259.652197483927 4423.7102528009564 4584.5145627856255 46.014470361173153 4646.9048130325973 1346.9646922945976 35.270974179729819 73.247035758569837 20.998193514533341 10.605786964297293
leaf_count=2220 4623 241 399 1774 481 23984 1856 4072 152 528 16767 247 115 25 408 562 233 36 830 1975 5346 11558 4574 247 7430 989 147 549 163 27
internal_value=0 0.0358582 0.0338378 0.0302857 0.0355768 0.0173233 0.0208206 -0.000106735 0.0210403 0.0180009 0.0242559 0.0210673 0.0237703 -0.000577046 0.0460668 0.0502469 0.0323549 0.0270398 0.00570989 0.0203354 0.0171179 0.0190253 0.0387426 0.0235574 0.0402339 0.05397 -0.0249144 0.00194121 0.0260113 -0.0388091
internal_weight=0 22833.2 21392.6 17585.8 11964.1 7545.07 6517.98 919.086 466.991 1826.09 5598.89 1741.57 1666.34 303.484 87.0045 3806.82 655.707 4868.14 730.749 1566.03 1464.85 5621.66 10138 906.613 9231.42 3151.11 186.457 108.518 4769.07 75.2253
internal_count=92558 41349 41108 38925 22744 51209 27225 6877 2805 8719 20348 8238 7683 2653 433 2183 632 16966 3382 7436 7321 16181 14025 2021 12004 1551 1526 696 16930 555
cat_boundaries=0 1 2
cat_threshold=3188 1040
is_linear=0
shrinkage=0.05


Tree=28
num_leaves=31
num_cat=0
split_feature=6 8 5 4 4 4 4 7 4 1 5 4 5 5 4 5 4 5 5 5 0 5 1 5 0 4 5 1 4 5
split_gain=722.63 746.939 465.126 361.885 226.915 138.648 133.076 122.511 116.296 130.337 111.465 108.326 199.082 89.4743 123.035 83.2162 82.691 78.3759 166.378 130.015 209.896 382.954 97.6183 94.4315 75.0547 77.381 362.407 429.472 74.9987 264.891
threshold=1.0000000180025095e-35 1.0000000180025095e-35 75.594534593981066 0.0068850000000000005 0.0026650000000000003 0.012057000000000002 0.0030375000000000007 1.0000000180025095e-35 0.0021905000000000002 405.45000000000005 27.67414336242172 0.0031410000000000001 94.398152406754903 585.18100397650528 0.00018300000000000003 73.476410192120639 0.0031830000000000005 38.755323166117414 48.324352477285139 44.287720074426694 1.4350000000000003 44.922355512223056 205.15000000000003 46.9504345995962 1.4350000000000003 0.0041415000000000011 29.073699082530222 378.90000000000003 0.0034380000000000005 31.783487999943102
decision_type=2 2 2 2 2 2 2 2 2 2 2 2 2 2 2 2 2 2 2 2 2 2 2 2 2 2 2 2 2 2
left_child=1 2 5 4 8 7 -6 10 9 -4 -1 12 -3 14 -11 24 -13 -7 19 22 21 -21 -19 -22 25 28 27 -27 -12 -30
right_child=-2 11 3 -5 6 17 -8 -9 -10 13 15 16 -14 -15 -16 -17 -18 18 -20 20 23 -23 -24 -25 -26 26 -28 -29 29 -31
leaf_value=0.0036708157707963556 0.065078489304213449 0.046324133872118776 0.028424329963339403 0.013834274491713972 0.042418831615448113 -0.052149401715110823 0.031197310071651815 0.084640596321150452 -0.018299273597346542 0.030258900037571635 0.012066959717419836 0.059850824526690209 -0.013329257827636401 0.07176622712092981 -0.01889681267739492 -0.015337801469441631 0.043511163656417245 0.15231431915732871 -0.027466897676014557 1.114770785969764 -0.055106405919954082 0.19916393961745343 -0.053685849735704144 0.14104363030893458 0.023727039814260074 1.1849601025723808 -0.05261518870694646 -0.051153660512280499 0.58668123361678537 0.039815780438791679
leaf_weight=1576.6509053520858 1391.4717636108398 561.51181727647781 3069.989912904799 3059.3173358179629 5046.1087807305157 107.16627901792526 5545.559032831341 64.430265724658966 168.11524396017194 192.85724987089634 1436.1295918039978 1754.7915386259556 186.25512605905533 44.077742516994476 374.47518316656351 173.17419960349798 1385.78528881073 7.5073937177658072 162.91226342506707 1.3910754639655341 9.850079186260702 6.3782628737390041 24.579853845760226 16.272710580378771 3728.6364700123668 1.3118281457573169 86.785808440297842 1.5132532827556131 2.5411662794649628 17.217717921361327
leaf_count=7647 241 487 9056 24174 5094 3746 11828 16 1300 374 6470 562 404 90 3419 833 1044 13 2922 28 188 105 587 112 7752 27 3533 72 54 380
internal_value=0 0.0281865 0.0250068 0.0294556 0.032765 0.0145203 0.0365435 0.016008 0.0223687 0.0242258 0.0153785 0.0485687 0.0314656 0.00314446 -0.00218697 0.0187671 0.0526409 -0.0168603 -0.000338113 0.0666466 0.13494 0.3631 -0.00548837 0.0670816 0.0198869 0.0106224 -0.0344734 0.522836 0.0133981 0.110147
internal_weight=0 28813.3 24924.9 17500.5 14441.2 7424.45 10591.7 7088.39 3849.52 3681.4 7023.96 3888.34 747.767 611.41 567.332 5447.31 3140.58 336.058 228.892 65.9794 33.8921 7.76934 32.0872 26.1228 5274.14 1545.5 89.6109 2.82508 1455.89 19.7589
internal_count=92558 92317 89820 55335 31161 34485 16922 26784 14239 12939 26768 2497 891 3883 3793 19121 1606 7701 3955 1033 433 133 600 300 18288 10536 3632 99 6904 434
is_linear=0
shrinkage=0.05


Tree=29
num_leaves=31
num_cat=0
split_feature=6 8 5 4 3 3 3 4 7 4 5 5 0 3 3 3 4 5 3 5 5 4 3 3 3 3 3 5 5 5
split_gain=711.85 720.037 424.487 336.143 236.024 171.117 132.201 127.058 112.713 105.553 183.109 100.302 100.129 94.8522 145.722 124.251 112.138 108.607 82.5687 81.1444 205.789 80.8884 150.774 106.922 106.629 95.0007 152.534 105.468 87.8552 87.6283
threshold=1.0000000180025095e-35 1.0000000180025095e-35 75.594534593981066 0.0068850000000000005 0.019384500000000002 0.016109000000000002 0.0202845 0.012057000000000002 1.0000000180025095e-35 0.0031410000000000001 94.398152406754903 27.67414336242172 0.96500000000000008 0.040501000000000009 0.041300500000000011 0.044034500000000011 0.010308500000000002 238.0977709858756 0.020553000000000005 179.40304736341162 129.99499425584153 0.0012805000000000002 0.010676500000000002 0.011827500000000003 0.014443500000000003 0.010317000000000002 0.0073745000000000008 76.391822667033281 140.80083448398108 91.998693851860523
decision_type=2 2 2 2 2 2 2 2 2 2 2 2 2 2 2 2 2 2 2 2 2 2 2 2 2 2 2 2 2 2
left_child=1 2 7 4 5 21 -6 8 11 10 -3 -1 19 -5 -15 17 -17 -16 -11 20 -7 22 25 -23 29 26 -4 -28 -27 -25
right_child=-2 9 3 13 6 12 -8 -9 -10 18 -12 -13 -14 14 15 16 -18 -19 -20 -21 -22 23 -24 24 -26 28 27 -29 -30 -31
leaf_value=0.0034836670300667279 0.064128552730774432 0.044619814197173292 0.026939318130326184 -0.0041570911751808342 0.041808877944033408 -0.052651710622723225 0.030387061138380328 -0.016464899728721602 0.08142119493371397 0.058546974626545595 -0.012625550599366726 0.017797233594182692 -0.050721154078768441 0.051436037181144881 -0.044363367295956468 -0.042593373492128432 0.019965175833007533 0.023138865060505706 0.042040342788656898 -0.052444489917090858 0.13001999772722353 0.040170927751054047 -0.047623601331867799 -0.069601117492344641 0.034193552057319714 0.080115243674393002 0.19720040264495078 -0.0087780016663745446 0.010260023028098225 0.0067329095268519497
leaf_weight=1578.2408992853016 1342.7152395248413 554.00492624379694 934.41417939960957 635.61755767464638 4401.59750880301 27.507656777277589 5968.8284716811031 331.97341961227357 63.648404091596603 1705.4347175359726 186.79038236290216 5451.6711162459105 127.30947961192578 280.44003215432167 162.12994942814112 74.546788312494755 1833.459751246497 94.215886980295181 1363.1378347985446 28.178988995030522 35.07891789637506 1160.2249909490347 89.604608416557312 41.575217926874757 447.98143082670867 113.53901536762714 6.287521392107009 536.29247057437897 74.57291454076767 392.86785150691867
leaf_count=7647 241 487 2818 10489 3710 694 10562 7701 16 562 404 19121 1906 327 2856 412 9543 547 1044 722 448 1559 607 419 1563 170 22 3222 217 2522
internal_value=0 0.0268808 0.0237827 0.02804 0.0312497 0.0209574 0.0352349 0.0137686 0.0151835 0.0471249 0.0301855 0.0145838 -0.0221139 0.0130502 0.0175239 0.0131298 0.017521 -0.019554 0.0512143 0.0180113 0.0497333 0.0234309 0.0155575 0.0301945 0.0170774 0.0189574 0.0146953 -0.00639108 0.0524226 -0.000572084
internal_weight=0 28701.2 24891.8 17466.3 14385.9 4015.44 10370.4 7425.53 7093.56 3809.37 740.795 7029.91 218.075 3080.41 2444.79 2164.35 1908.01 256.346 3068.57 90.7656 62.5866 3797.36 1754.71 2042.65 882.425 1665.11 1476.99 542.58 188.112 434.443
internal_count=92558 92317 89820 55335 31161 16889 14272 34485 26784 2497 891 26768 3770 24174 13685 13358 9955 3403 1606 1864 1142 13119 7056 6063 4504 6449 6062 3244 387 2941
is_linear=0
shrinkage=0.05


Tree=30
num_leaves=31
num_cat=2
split_feature=2 6 3 3 8 3 3 8 2 0 3 3 0 3 3 3 7 3 3 3 7 3 1 1 1 3 3 1 3 1
split_gain=758.258 539.241 447.145 228.409 165.777 180.788 184.013 133.607 124.44 102.296 108.851 95.9664 93.4106 90.2503 85.1187 103.867 74.5758 64.6201 60.3204 128.226 59.8437 63.1597 122.891 95.8724 70.7884 134.989 69.9996 176.122 61.4291 69.3285
threshold=0 1.0000000180025095e-35 0.020553000000000005 0.020458500000000004 1.0000000180025095e-35 0.021085500000000004 0.020851000000000005 1.0000000180025095e-35 1 1.3800000000000001 0.031008500000000005 0.020813500000000002 1.3050000000000004 0.0019975000000000006 0.041575000000000008 0.044034500000000011 1.0000000180025095e-35 0.07653900000000001 0.010638500000000002 0.0085970000000000022 1.0000000180025095e-35 0.011827500000000003 440.55000000000001 302.90000000000003 370.65000000000003 0.019050000000000004 0.011295500000000002 390.85000000000008 0.007712000000000001 426.75000000000006
decision_type=9 2 2 2 2 2 2 2 9 2 2 2 2 2 2 2 2 2 2 2 2 2 2 2 2 2 2 2 2 2
left_child=8 2 3 13 5 6 11 -5 -1 10 12 -4 20 -2 16 -16 -7 -11 19 -15 21 22 26 -23 25 -25 27 -10 -29 -30
right_child=1 -3 4 7 -6 14 -8 -9 9 17 -12 -13 -14 18 15 -17 -18 -19 -20 -21 -22 23 -24 24 -26 -27 -28 28 29 -31
leaf_value=-0.011625940138788747 -0.079819780819991193 0.063240745737350029 -0.0011124918588669107 0.034203133260226115 0.038972311184446724 0.025011896640563247 -0.044097069053935067 0.057888155250036488 -0.027213282829650826 0.03071928057879111 -0.051446944656914975 0.042698918076753654 -0.044291769693633756 0.028822509261087433 -0.017135888938524933 0.017951073673585734 0.077710572426635594 -0.014772511303053987 0.035435382815706164 -0.025106586969647404 0.06868870425106853 0.022677580696550671 -0.024251857365258978 -0.050785104970614559 0.0074217318572997772 0.0036215260891261317 0.031799383430427312 0.039460052992769244 0.0047189289088039139 0.050234201054966503
leaf_weight=468.64159223251045 17.530919700860977 1347.6344790458679 434.43940064311028 890.96709679067135 1405.3913449719548 6121.6247211080045 196.93585422635078 1794.9716738909483 215.31916934996843 1175.0695767235011 67.393705336377025 175.4801709651947 71.133854061365128 1351.0073185786605 241.46736166067421 1667.517854616046 67.877788200974464 83.617147609591484 8036.4102722164243 120.0134449750185 48.511246170848608 671.19652609527111 154.76203347742558 175.27780306246132 1054.9552656393498 326.14549981988966 967.1375889852643 351.29310227185488 467.16768232733011 101.9156431928277
leaf_count=10574 75 251 1515 886 1115 12109 1400 589 1909 2841 2872 187 346 2401 2993 9678 11 313 9991 603 25 1173 1957 3849 14921 1883 1627 1227 2715 561
internal_value=0 0.0325047 0.0306799 0.0371538 0.023013 0.0204944 -0.0020757 0.0500315 0.013054 0.0150204 0.0116374 0.0114925 0.0125607 0.0335225 0.022743 0.0135129 0.0255898 0.0276972 0.0337315 0.0244227 0.0134527 0.0128553 0.0187491 0.00688208 7.01872e-05 -0.0153969 0.0219138 0.0134954 0.0230191 0.0128701
internal_weight=0 23869.3 22521.6 12210.9 10310.7 8905.34 806.855 2685.94 6399.54 5930.9 4672.21 609.92 4604.82 9524.96 8098.49 1908.99 6189.5 1258.69 9507.43 1471.02 4533.68 4485.17 2257.6 2227.58 1556.38 501.423 2102.83 1135.7 920.376 569.083
internal_count=92597 43804 43553 14545 29008 27893 3102 1475 48793 38219 35065 1702 32193 13070 24791 12671 12120 3154 12995 3004 31847 31822 9996 21826 20653 5732 8039 6412 4503 3276
cat_boundaries=0 1 2
cat_threshold=2292 2112
is_linear=0
shrinkage=0.05


Tree=31
num_leaves=31
num_cat=5
split_feature=2 4 8 5 2 5 4 5 2 5 4 5 0 5 0 4 5 0 4 2 4 5 4 5 5 5 2 4 4 4
split_gain=704.268 320.904 260.404 243.092 225.921 149.326 127.311 130.723 112.289 113.952 207.797 109.152 106.845 93.6356 91.0917 100.346 98.2802 96.6368 87.2019 77.149 72.1138 71.9925 69.6423 141.229 276.297 67.9168 116.483 249.424 110.651 152.887
threshold=0 0.0074565000000000005 1.0000000180025095e-35 40.890181329320562 1 39.499059982943692 0.0031410000000000001 121.74691794652321 2 196.98781741908587 0.019848500000000005 40.194077114622544 1.7950000000000002 199.22977765256982 1.3800000000000001 0.011158500000000002 25.437447386452721 1.3050000000000004 0.0031830000000000005 3 0.016054000000000002 46.9504345995962 0.0007130000000000002 54.500490844783982 53.768713629138979 137.57788179294599 4 0.0032515000000000005 0.0012805000000000002 0.00096500000000000004
decision_type=9 2 2 2 9 2 2 2 9 2 2 2 2 2 2 2 2 2 2 9 2 2 2 2 2 2 9 2 2 2
left_child=8 2 3 4 -2 -3 7 -4 9 10 -1 -7 -6 -11 15 17 -16 22 -8 -5 -18 -13 23 24 -10 26 27 28 29 -21
right_child=1 5 6 19 12 11 18 -9 14 13 -12 21 -14 -15 16 -17 20 -19 -20 25 -22 -23 -24 -25 -26 -27 -28 -29 -30 -31
leaf_value=-0.034199462262846224 0.0018750400615054679 -0.052542288460105217 0.034652387702653172 0.021975643244729112 0.036111588725479586 0.14706525012166596 0.056721138270247939 -0.028340516539485956 0.020628675022736659 0.21900717415753856 0.30895481950308007 -0.056504884082786283 -0.020693438799254657 0.015534284019364806 -0.041930138050916568 -0.051304595452924401 0.032392742280264897 -0.043849794850778827 0.039454131731274322 0.018494535085395999 -0.015240857212608802 0.015644665112032656 0.013978343598856611 -0.054867666061142517 0.53977986339993744 0.038057717539461577 0.038858340344908253 -0.0057502289308487215 0.032953364413219007 -0.066055424710223062
leaf_weight=301.89902880974114 1331.1801106631756 84.144594445824623 486.17041403055191 1603.9939696975052 1129.6519993729889 15.623997952789066 1741.6651542335749 99.156222239136696 41.53064651042223 5.8725398667156687 4.4770717155188313 35.179046669974923 89.324381753802299 152.04692033305764 50.826772108674049 63.62615183275193 1128.2697968557477 76.389171652495861 1260.2948157191277 357.36198307573795 85.476430110633373 2012.9952510688454 4386.0766857601702 98.44255768507719 2.7314448654651633 6214.6315549761057 2974.5631434470415 550.61356940865517 3610.5146133452654 62.873641133308411
leaf_count=8595 4071 2151 416 4671 1595 58 589 216 462 38 58 484 277 1883 328 2941 2473 538 932 645 353 10954 29748 1368 8 7007 2959 2642 3764 373
internal_value=0 0.0311627 0.0330158 0.0305549 0.0162578 0.0127478 0.0453128 0.0239812 0.0123986 -0.0111608 -0.029185 0.0154097 0.0316891 0.0231008 0.0142579 0.0110576 0.0261858 0.0119193 0.049472 0.0329263 0.0290382 0.0144054 0.0128599 -0.0215145 0.0526659 0.0341611 0.0310013 0.0257589 0.0301271 0.00584458
internal_weight=0 23659.9 21512 17924.7 2550.16 2147.94 3587.29 585.327 6397.67 464.296 306.376 2063.8 1218.98 157.919 5933.37 4668.8 1264.57 4605.17 3001.96 15374.6 1213.75 2048.17 4528.78 142.705 44.2621 13770.6 7555.93 4581.36 4030.75 420.236
internal_count=92597 43804 30157 28004 5943 13647 2153 632 48793 10574 8653 11496 1872 1921 38219 35065 3154 32124 1521 22061 2826 11438 31586 1838 470 17390 10383 7424 4782 1018
cat_boundaries=0 1 2 3 4 5
cat_threshold=2292 1538 2112 1025 514
is_linear=0
shrinkage=0.05


Tree=32
num_leaves=31
num_cat=3
split_feature=6 2 4 4 0 7 4 3 2 4 0 3 0 3 3 2 4 3 3 4 4 3 3 4 3 3 3 0 1 3
split_gain=685.728 524.172 438.683 216.008 114.631 109.636 107.623 195.029 101.345 86.9076 81.9659 94.643 77.8468 74.1997 70.6109 68.6649 86.5665 201.123 150.435 80.8361 64.9036 71.5495 90.6758 63.2199 82.251 77.2496 63.881 94.1318 176.303 82.9628
threshold=1.0000000180025095e-35 0 0.0031585000000000003 0.0031410000000000001 1.8650000000000002 1.0000000180025095e-35 0.0012805000000000002 0.0085970000000000022 1 0.015184500000000002 1.3800000000000001 0.031008500000000005 1.3050000000000004 0.0019975000000000006 0.015845500000000002 2 0.0033875000000000003 0.02247 0.020986500000000002 0.0032515000000000005 0.015211500000000001 0.044291500000000004 0.042279500000000005 0.0007130000000000002 0.007712000000000001 0.0092405000000000022 0.012087000000000002 1.2350000000000001 370.65000000000003 0.011295500000000002
decision_type=2 9 2 2 2 2 2 2 9 2 2 2 2 2 2 9 2 2 2 2 2 2 2 2 2 2 2 2 2 2
left_child=1 8 3 6 5 15 7 13 9 -1 11 12 23 -3 -8 16 18 -18 19 -4 21 22 -19 -10 -25 -26 29 28 -28 -27
right_child=-2 2 4 -5 -6 -7 14 -9 10 -11 -12 -13 -14 -15 -16 -17 17 20 -20 -21 -22 -23 -24 24 25 26 27 -29 -30 -31
leaf_value=-0.036307521479077738 0.061966701646140966 -0.078172068779945758 0.02273569404166988 0.047442688094980617 0.04366603004247506 0.072523564878708591 0.048302118700126018 -0.035167602030461785 -0.020947376307561636 0.007670980009209895 0.024793175296603097 -0.051310413704694219 -0.041812463895679303 0.026130325939152245 0.031899700822302854 0.022110833757568834 -0.025893186542217835 0.021057174758791274 0.043044449778456492 -0.0040597539052010306 -0.013434237047801707 0.039863890633060395 -0.0097903469039241717 0.036119722105829914 -0.024218736188150236 0.0060151476031900103 -0.040284024006843611 0.018839398343417302 0.0070306800511690725 0.02893299598192009
leaf_weight=195.10485458374023 1268.5317711830139 17.269550383090973 661.00816357135773 2560.5048977434635 506.47890757024288 95.698770776391029 722.70986534655094 150.46675452589989 140.45452243089676 264.79847053997219 1268.5927396155894 61.190065043978393 68.017904445528984 1348.256641484797 7123.1991684436798 5933.2885068878531 390.70591155998409 818.31584344431758 553.57893716543913 490.19423364847898 189.97975858487189 289.83150491118431 336.06004728935659 357.46113504469395 149.12019240111113 651.3490168005228 242.27096044830978 959.00222500413656 1050.9182317163795 1002.9319388270378
leaf_count=3892 251 75 1202 1475 471 21 503 756 1838 6682 3154 2872 346 2401 7468 12298 3846 2904 574 1791 2943 1159 3666 1228 1358 3947 4943 1976 14809 1748
internal_value=0 0.0243986 0.0280375 0.0345738 0.0204732 0.0192695 0.0310541 0.0188582 0.0117432 -0.0107522 0.0134968 0.0104653 0.0112832 0.0248112 0.0334106 0.0187421 0.0132881 0.00633428 0.0216256 0.0113259 0.0140393 0.0176533 0.0120769 0.0120763 0.0131274 0.0111008 0.012449 0.00696923 -0.00183344 0.0199094
internal_weight=0 28598.8 22187.5 11922.4 10265.1 9758.66 9361.9 1515.99 6411.21 459.903 5951.31 4682.72 4621.53 1365.53 7845.91 9662.96 3729.67 2024.89 1704.78 1151.2 1634.19 1444.21 1154.38 4553.51 4413.05 4055.59 3906.47 2252.19 1293.19 1654.28
internal_count=92597 92346 43553 12678 30875 30404 11203 3232 48793 10574 38219 35065 32193 2476 7971 30383 18085 14518 3567 2993 10672 7729 6570 31847 30009 28781 27423 21728 19752 5695
cat_boundaries=0 1 2 3
cat_threshold=2292 2112 515
is_linear=0
shrinkage=0.05


Tree=33
num_leaves=31
num_cat=3
split_feature=2 8 5 2 4 4 5 4 4 2 5 4 4 4 4 4 4 4 4 4 0 5 4 0 5 4 5 5 0 5
split_gain=610.233 317.805 234.958 258.619 200.208 119.694 121.086 106.039 95.9842 91.4634 105.086 149.537 86.8768 74.5728 158.068 114.706 139.302 296.42 117.755 190.472 73.0707 88.3333 87.8347 80.9336 70.9524 70.6548 68.6026 67.3765 72.9645 102.401
threshold=0 1.0000000180025095e-35 38.055774013067357 1 0.0068850000000000005 0.0031410000000000001 121.74691794652321 0.0069895000000000001 0.0031830000000000005 2 196.98781741908587 0.019848500000000005 0.0073130000000000009 0.0012805000000000002 0.00096500000000000004 0.0030445000000000003 0.0048425000000000004 0.0032515000000000005 0.0033305000000000006 0.0033875000000000003 1.3800000000000001 25.437447386452721 0.011158500000000002 1.3050000000000004 461.15276658289253 0.011687500000000002 199.22977765256982 55.85513870634616 1.8300000000000003 231.96951972435295
decision_type=9 2 2 9 2 2 2 2 2 9 2 2 2 2 2 2 2 2 2 2 2 2 2 2 2 2 2 2 2 2
left_child=9 2 3 -2 13 6 -3 -6 -7 10 11 -1 -5 14 -4 -15 17 -17 -19 -20 22 -22 23 -11 -16 -23 -12 -10 29 -29
right_child=1 5 4 12 7 8 -8 -9 27 20 26 -13 -14 15 24 16 -18 18 19 -21 21 25 -24 -25 -26 -27 -28 28 -30 -31
leaf_value=-0.03313937808717228 -0.0038967077825261274 0.032273435579316521 0.025080601098112328 0.032130721070151767 -0.039365032596544447 0.054701394551180109 -0.028524518315164962 0.017467494922654089 0.048013408775426106 0.011549892628228954 0.1763977304078311 0.22175099626773004 -0.037979653042353449 0.03719169896331153 -0.041316924908964874 0.029448529327552677 0.033197839064355757 -0.035473924970665809 0.033357514235074062 -0.019113546062032374 -0.041394522592752996 0.040729038799683148 -0.051188031012329896 -0.041603049856372011 0.10101968584898557 0.016239441032429216 0.015227886767480117 0.019290112575257621 0.052092085043375175 -0.094292748808347912
leaf_weight=291.19841749034822 1278.8186691384763 472.84762200713158 1173.0056418031454 1069.4098068717867 84.749415300786495 1644.7532671391964 99.049701392650604 2600.8072928544134 615.53797084093094 4548.2880140142515 6.9008082859218112 5.8701687194406977 46.089758813381195 5483.2284644246101 128.08349560946226 2247.9958122372627 4752.9109740778804 227.24020510166883 331.74343290925026 361.3357101213187 50.4363799020648 493.90128546208143 58.027028112672269 72.762371748685837 9.3977551609277707 729.59099984169006 152.77301252819598 428.26013725996017 174.93568640947342 20.807578459382057
leaf_count=8595 5515 416 2089 1619 652 589 216 12351 350 31586 38 58 412 4636 684 2740 5463 1367 480 3550 328 637 2941 538 15 2189 1883 505 83 72
internal_value=0 0.0286379 0.0262076 0.0115224 0.0282283 0.0426398 0.0217435 0.015674 0.0467831 0.0111541 -0.0102942 -0.0281027 0.0289742 0.0305195 0.0191357 0.0316325 0.0277842 0.0196631 -0.00423915 0.00600181 0.0128142 0.0234522 0.0099453 0.010713 -0.0315873 0.0261254 0.0221934 0.0362763 0.0246985 0.0140272
internal_weight=0 23251 19794.8 2394.32 17400.5 3456.19 571.897 2685.56 2884.29 6409.75 456.742 297.069 1115.5 14714.9 1310.49 13404.5 7921.23 3168.32 920.319 693.079 5953.01 1273.93 4679.08 4621.05 137.481 1223.49 159.674 1239.54 624.003 449.068
internal_count=92597 43804 41573 7546 34027 2231 632 13003 1599 48793 10574 8653 2031 21024 2788 18236 13600 8137 5397 4030 38219 3154 35065 32124 699 2826 1921 1010 660 577
cat_boundaries=0 1 2 3
cat_threshold=2292 1538 2112
is_linear=0
shrinkage=0.05


Tree=34
num_leaves=31
num_cat=0
split_feature=6 8 5 3 1 4 5 1 1 5 4 3 4 5 3 3 1 5 5 5 3 4 4 5 3 3 5 1 1 5
split_gain=685.194 529.971 416.85 217.884 305.182 145.392 148.239 141.309 123.761 115.29 143.275 99.0376 95.758 94.3395 99.7122 277.005 85.8234 75.0364 182.936 110.604 96.4007 87.2868 74.4573 180.242 74.3594 121.111 106.042 73.1073 99.0871 71.7149
threshold=1.0000000180025095e-35 1.0000000180025095e-35 47.621826425365313 0.020517000000000004 284.50000000000006 0.0031410000000000001 121.74691794652321 220.95000000000002 324.50000000000006 90.453467845343582 0.0032515000000000005 0.020553000000000005 0.015649000000000003 94.398152406754903 0.046874000000000006 0.047621500000000004 312.90000000000003 208.97828956000583 273.53725984969304 325.44850780740938 0.029157000000000006 0.019848500000000005 0.015184500000000002 44.287720074426694 0.051515000000000005 0.058474500000000006 48.99744357809945 378.90000000000003 308.30000000000001 268.57277233437998
decision_type=2 2 2 2 2 2 2 2 2 2 2 2 2 2 2 2 2 2 2 2 2 2 2 2 2 2 2 2 2 2
left_child=1 2 12 4 -4 6 -3 24 16 10 -9 -7 22 14 -11 -16 -6 21 27 -20 -21 -15 -1 -24 -5 29 -27 28 -19 -26
right_child=-2 5 3 7 8 11 -8 9 -10 13 -12 -13 -14 17 15 -17 -18 18 19 20 -22 -23 23 -25 25 26 -28 -29 -30 -31
leaf_value=0.0051255544789053364 0.060884009664981531 0.030222886107773891 0.034112950843757116 0.025797938102667894 0.00050432611916071638 0.053675926247998496 -0.032810270207481201 0.019766289057425265 0.019813276782948374 0.047428903634872357 -0.023041524715816841 0.034759830637817124 -0.05305826055536033 0.0056471878444022787 0.70298496017908141 -0.053117222027419836 -0.064416318860963995 0.037600506679268064 -0.038032143919428114 -0.018210607814309585 0.030773166248479689 0.18679586904769152 0.036058825239608974 0.4414837780498248 -0.048324352128945647 0.14768303260073867 0.015863846595158975 -0.052288990916993197 0.099036438387637579 0.036978878446294668
leaf_weight=3762.8246881403029 1195.1429896354675 527.27785828337073 6584.9014222621918 3846.7366319149733 266.38375571370125 1593.6687405258417 113.32152290642262 314.13989888876677 4662.9523622179404 121.41160433925688 517.39258416555822 1222.9421688504517 70.775492421351373 1921.2594979312271 2.1497174911200991 2.7750439271330833 62.934371940791607 463.27711787074804 128.97691663913429 150.5972520634532 301.59056274406612 6.6730413865298024 17.142623903229836 3.2632651180028907 116.59695150703192 15.433251239359377 1334.0154409632087 19.480812316760421 76.463983323425055 31.240319475531578
leaf_count=17486 251 582 5868 5722 696 589 293 678 20186 778 9167 1050 2384 14722 43 54 411 1600 1142 895 1357 41 431 25 762 41 4069 671 499 104
internal_value=0 0.0222329 0.0196764 0.0224569 0.0270445 0.0405728 0.0190724 0.0167887 0.0177211 0.00971465 -0.00686941 0.0454628 0.00456412 0.0140313 0.0563752 0.27693 -0.0119023 0.0122878 0.0224544 0.00281015 0.0144595 0.00627419 0.00564211 0.100893 0.0221183 0.0126647 0.0173714 0.0428695 0.046304 -0.0302985
internal_weight=0 28258.6 24801.4 20947.4 11577.2 3457.21 640.599 9370.21 4992.27 4026.19 831.532 2816.61 3854.01 3194.66 126.336 4.92476 329.318 3068.32 1140.39 581.165 452.188 1927.93 3783.23 20.4059 5344.02 1497.29 1349.45 559.222 539.741 147.837
internal_count=92597 92346 89832 69506 27161 2514 875 42345 21293 31647 9845 1639 20326 21802 875 97 1107 20927 6164 3394 2252 14763 17942 456 10698 4976 4110 2770 2099 866
is_linear=0
shrinkage=0.05


Tree=35
num_leaves=31
num_cat=3
split_feature=6 8 5 4 2 5 5 5 3 3 3 3 2 4 4 5 5 3 4 5 5 5 2 5 5 3 4 4 5 5
split_gain=692.326 552.196 321.691 204.856 165.83 137.435 118.675 123.89 114.738 266.108 111.088 433.425 108.131 103.911 99.0923 98.1208 109.885 164.011 98.8027 96.4628 95.2772 86.6533 83.3331 83.2129 81.8131 98.6914 81.4006 118.183 102.273 102.386
threshold=1.0000000180025095e-35 1.0000000180025095e-35 80.64657850185823 0.0068850000000000005 0 11.452606049019073 83.627054041214862 102.43555428842096 0.020517000000000004 0.038022500000000008 0.031008500000000005 0.027416500000000003 1 0.0031410000000000001 0.0033100000000000004 174.1241777332867 112.16299456532965 0.016109000000000002 0.0030375000000000007 19.782931750250935 111.29018508419458 96.854130771787808 2 82.098298634809808 77.735219938099064 0.07653900000000001 0.0032515000000000005 0.0032390000000000001 64.275068292314899 35.950142529869105
decision_type=2 2 2 2 9 2 2 2 2 2 2 2 9 2 2 2 2 2 2 2 2 2 9 2 2 2 2 2 2 2
left_child=1 2 5 4 15 12 10 21 -7 26 11 -5 -1 19 -15 16 18 -18 20 -3 23 22 -8 -4 -11 -26 27 28 29 -10
right_child=-2 13 3 6 -6 8 7 -9 9 24 -12 -13 -14 14 -16 -17 17 -19 -20 -21 -22 -23 -24 -25 25 -27 -28 -29 -30 -31
leaf_value=0.00042141015724847953 0.060242136319665955 0.053528664964890421 -0.075639780149626384 0.97231806694383105 0.028259179215467889 0.017411210846912967 0.018371486717251445 0.012324330612424536 -0.067866209010421577 0.01416730710858264 0.052131333372778234 -0.052113842940727829 -0.051223445603533903 0.049266931489245228 0.02599303623325749 0.0249253332560001 -0.014870251211985073 0.023748639244090548 -0.055574039792233278 0.010079777947217858 0.096895760641157055 -0.064981319195251047 -0.036730578492459073 0.024440299186173103 -0.054769659129087683 0.13084627243925823 -0.031529840926925005 0.049593228697223893 -0.086238686463855047 0.015876751658690288
leaf_weight=314.24327943846583 1153.3191294670105 175.18515589088202 21.355163486674428 1.5848658885806788 9651.2829609774053 3953.1594720454887 150.29611129127443 2617.6037183199078 47.031223796308041 2685.4166195625439 97.998103581368923 2.9624336194247007 141.74239742476493 2090.7922056317329 585.39248666167259 1605.7917231218889 782.03303539007902 423.97383946739137 39.109407000243664 471.72602137550712 44.529651578515768 80.67552381567657 110.57484551146626 757.90387934446335 73.533554837107658 7.9339137375354758 522.19764453079551 88.500052630901337 44.607293874025345 162.99006335437298
leaf_count=1171 252 97 177 43 12895 12022 1175 18240 266 11390 489 126 2011 970 638 6229 4317 2285 724 760 91 1197 1755 3123 488 5 8881 84 195 418
internal_value=0 0.0207062 0.0181049 0.0221241 0.0248037 0.00991403 0.0104613 0.0086288 0.0115167 0.00510132 0.0633415 0.30493 -0.0167464 0.0398289 0.044176 0.0156089 0.00845333 -0.00129371 0.022076 0.0218458 0.0257625 -0.0196937 -0.00568828 0.0216977 0.0126698 -0.036693 -0.0190989 -0.000180542 -0.0174802 -0.00287627
internal_weight=0 27752.1 24429 16387.7 13326 8041.36 3061.7 2959.15 7585.37 3632.21 102.545 4.5473 455.986 3323.1 2676.18 3674.7 2068.9 1206.01 862.898 646.911 823.789 341.546 260.871 779.259 2766.88 81.4675 865.326 343.129 254.629 210.021
internal_count=92514 92262 89797 52866 29841 36931 23025 22367 33749 21727 658 169 3182 2465 1608 16946 10717 6602 4115 857 3391 4127 2930 3300 11883 493 9844 963 879 684
cat_boundaries=0 1 2 3
cat_threshold=2101 1536 2816
is_linear=0
shrinkage=0.05


Tree=36
num_leaves=31
num_cat=0
split_feature=8 4 0 5 5 5 5 4 3 5 5 4 7 5 3 4 5 3 5 5 4 4 4 4 5 5 5 4 5 5
split_gain=443.479 329.382 237.84 196.253 144.912 128.093 104.966 100.792 99.7247 94.0244 89.8811 82.6683 71.7261 70.1111 96.464 352.586 135.139 64.6496 64.3074 71.9396 141.878 170.053 132.694 117.042 103.673 90.1144 125.264 83.3193 75.4718 86.0124
threshold=1.0000000180025095e-35 0.0068850000000000005 1.3800000000000001 20.604652958465802 11.452606049019073 174.1241777332867 18.95123805810433 0.0031410000000000001 0.020553000000000005 110.27010914607892 129.00149335071626 0.0069895000000000001 1.0000000180025095e-35 234.91122439578035 0.038022500000000008 0.0032515000000000005 81.380047581774946 0.030005500000000004 920.34553611384729 154.72616665079974 0.015649000000000003 0.014911000000000002 0.019431000000000004 0.015211500000000001 112.16299456532965 57.910002046729424 38.755323166117414 0.021300500000000003 158.89017946820954 196.98781741908587
decision_type=2 2 2 2 2 2 2 2 2 2 2 2 2 2 2 2 2 2 2 2 2 2 2 2 2 2 2 2 2 2
left_child=1 2 4 -3 -1 -6 -4 9 -9 -2 -10 -5 18 14 15 -8 17 -17 19 20 21 -13 23 -21 -22 26 -23 28 -24 -30
right_child=7 3 6 11 5 -7 13 8 10 -11 -12 12 -14 -15 -16 16 -18 -19 -20 22 24 25 27 -25 -26 -27 -28 -29 29 -31
leaf_value=-0.07150295583871337 0.031615973490935582 -0.056914874966981381 0.0070634736278741769 -0.039783047414065686 0.0099610696653760853 0.025169540391201967 0.026272523479856959 0.051752013897032524 0.039442293780035727 -0.013362890938744348 0.0056475007274956468 0.0039676468991079062 0.085308994167160701 0.034722594158803841 0.030560057311633818 -0.043258948907784776 0.0072885263457169924 0.0039857937884674914 -0.046019079226516171 0.016814731411420283 -0.0049820076011332206 -0.053439569097093222 0.29887470846712805 -0.029974818494812813 -0.054902939970783028 0.031475193069984177 0.13495589466966398 0.034767632527756658 -0.055426155917267156 0.11424082377000484
leaf_weight=49.404295948334038 489.22719471342862 119.3770664036274 757.0963307544589 88.09413655102253 4694.0666456501931 1963.6973823215812 6069.822158485651 1456.4594065546989 902.41435994580388 152.3773218691349 251.60259391367435 1573.955281524919 30.705463886260986 2047.8709522411227 4397.3489085584879 242.74895129725337 958.85951483994722 103.1911728605628 53.177620546892285 1192.5794915482402 344.9784801453352 10.743550281971691 4.5532146282494059 150.52368945255876 148.88649153523147 200.33562011644244 49.360835978761315 170.99262706935406 8.8891829438507539 46.779381461441517
leaf_count=469 520 3686 1860 708 21662 6634 7008 574 669 337 365 16667 9 2336 4670 2027 2994 359 362 7226 5190 326 12 1605 1641 1541 324 374 121 238
internal_value=0 0.0190821 0.0216057 0.00627489 0.0138137 0.0144468 0.0251909 0.0386891 0.043053 0.0209338 0.0320742 0.00812623 0.00918495 0.026184 0.0246986 0.0212036 -0.00237668 -0.0291662 0.00859406 0.00933823 0.00375599 0.0101602 0.0175938 0.011571 -0.0200318 0.0475849 0.101281 0.0525801 0.103156 0.0871483
internal_weight=0 25478 21284.1 4193.93 6707.17 6657.76 14576.9 3252.08 2610.48 641.605 1154.02 4074.56 3986.46 13819.8 11772 7374.62 1304.8 345.94 3955.76 3902.58 2328.26 1834.4 1574.32 1343.1 493.865 260.44 60.1044 231.214 60.2218 55.6686
internal_count=92514 90049 50019 40030 28765 28296 21254 2465 1608 857 1034 36344 35636 19394 17058 12388 5380 2386 35627 35265 25689 18858 9576 8831 6831 2191 650 745 371 359
is_linear=0
shrinkage=0.05


Tree=37
num_leaves=31
num_cat=1
split_feature=6 8 5 3 2 5 3 3 5 1 5 5 3 3 3 3 5 5 5 5 3 5 5 5 3 5 0 3 3 3
split_gain=687.205 507.287 280.657 160.762 161.606 113.74 100.875 222.96 97.351 83.6102 152.69 162.34 96.4094 80.4545 137.216 112.152 87.6645 84.4202 80.1427 103.831 94.1 118.716 73.5412 73.069 88.6962 72.0361 78.2733 71.6683 72.69 70.8324
threshold=1.0000000180025095e-35 1.0000000180025095e-35 80.64657850185823 0.039514500000000008 0 11.452606049019073 0.020517000000000004 0.038022500000000008 7.6834205258396162 403.70000000000005 54.500490844783982 53.768713629138979 0.0021455000000000003 0.020458500000000004 0.0202845 0.020553000000000005 122.81197263166008 99.980917277838543 174.1241777332867 139.74969196921543 0.017377500000000001 152.12593933029311 82.098298634809808 77.735219938099064 0.07653900000000001 83.627054041214862 1.6650000000000003 0.024624000000000004 0.022962000000000003 0.0202845
decision_type=2 2 2 2 9 2 2 2 2 2 2 2 2 2 2 2 2 2 2 2 2 2 2 2 2 2 2 2 2 2
left_child=1 2 5 4 18 8 9 -8 -1 -7 11 12 -11 14 17 -15 -17 -3 19 22 21 -21 -4 -9 -25 26 -5 28 -22 -6
right_child=-2 13 3 25 29 6 7 23 -10 10 -12 -13 -14 15 -16 16 -18 -19 -20 20 27 -23 -24 24 -26 -27 -28 -29 -30 -31
leaf_value=0.0013922535663055755 0.059369366674000057 0.036970778438532075 -0.07058716150694011 -0.055732065380922513 0.030273018250917483 0.018378665052228762 -0.018342890817321881 0.012401488042241185 -0.047342054638257858 0.045235587564023461 -0.04225350783448225 0.19158914867971227 -0.013077987375957662 0.05082765751284038 -0.09194073976201407 0.03767079672033305 0.0063746651243194521 -0.010349915013207756 0.021774083216966587 -0.060801864390481013 0.022932462323463992 -0.0041022557825278853 0.015514603494664282 -0.053455060105356424 0.11933737089283919 0.0074912405430887039 0.070249301878151954 -0.053577983550517454 0.19567087954351409 0.021704805383992363
leaf_weight=291.46956011839211 1086.0984702110291 396.86229757405818 25.203105289489031 14.49950113520026 4685.237597566098 3467.2611295264214 846.66635116096586 2679.5892113847658 158.03417576383799 115.29052180051804 168.36731417477131 12.745614768937228 184.00150988250971 1409.9838178157806 26.011600896716118 930.85439836606383 294.56870127469301 123.60557628422976 1714.2044642101973 143.31833615899086 173.9208847116679 259.43215009942651 1549.3970029763877 72.709164613857865 8.2715757191181165 2630.3008162453771 82.377267390489578 30.775165021419525 6.3112792782485476 4971.5704830698669
leaf_count=1753 252 387 318 265 5026 8254 9844 11390 1429 121 1563 39 2045 574 88 711 424 281 8480 1172 782 1406 10300 488 5 13794 114 1039 18 10152
internal_value=0 0.0188187 0.0163597 0.0201275 0.0223553 0.0086934 0.0101472 0.00410315 -0.0157415 0.0156701 -0.00387865 0.0168274 0.00938503 0.0375914 0.0201315 0.0412118 0.0301478 0.0257326 0.0136434 0.00733677 -0.0101079 -0.0242788 0.0141365 0.0109873 -0.0358056 0.00905078 0.0513937 0.0169402 0.0289813 0.0258351
internal_weight=0 27472.8 24291 16286.5 13559.4 8004.41 7554.9 3607.24 449.504 3947.67 480.405 312.038 299.292 3181.89 546.479 2635.41 1225.42 520.468 3902.56 2188.36 613.758 402.75 1574.6 2760.57 80.9807 2727.18 96.8768 211.007 180.232 9656.81
internal_count=92514 92262 89797 52866 38693 36931 33749 21727 3182 12022 3768 2205 2166 2465 756 1709 1135 668 23515 15035 4417 2578 10618 11883 493 14173 379 1839 800 15178
cat_boundaries=0 1
cat_threshold=2101
is_linear=0
shrinkage=0.05


Tree=38
num_leaves=31
num_cat=0
split_feature=6 8 5 7 4 5 0 4 5 4 4 5 5 4 5 5 5 4 4 4 4 5 5 4 5 5 5 5 5 0
split_gain=670.524 483.767 259.884 212.245 199.064 152.787 129.977 150.572 110.803 94.9192 98.3777 86.6844 79.7186 78.9729 104.399 78.7296 72.7533 91.6677 97.61 73.7294 68.592 117.558 126.662 75.7 73.362 82.1514 66.2363 103.886 66.1501 62.8892
threshold=1.0000000180025095e-35 1.0000000180025095e-35 174.1241777332867 1.0000000180025095e-35 0.015649000000000003 11.452606049019073 1.4350000000000003 0.0030445000000000003 920.34553611384729 0.0031410000000000001 0.0031830000000000005 19.782931750250935 122.81197263166008 0.014911000000000002 150.81331319639671 7.6834205258396162 177.64653731058817 0.0031830000000000005 0.019431000000000004 0.015211500000000001 0.0019820000000000007 80.64657850185823 163.17561563124943 0.011158500000000002 64.275068292314899 35.950142529869105 241.74813574823415 316.08049141477613 29.723105570781872 1.4350000000000003
decision_type=2 2 2 2 2 2 2 2 2 2 2 2 2 2 2 2 2 2 2 2 2 2 2 2 2 2 2 2 2 2
left_child=1 2 3 4 5 15 20 28 16 11 -11 -3 -12 -9 -15 29 -4 -18 19 -19 -7 24 23 -23 25 -22 -20 -28 -8 -1
right_child=-2 9 8 -5 -6 6 7 13 -10 10 12 -13 -14 14 -16 -17 17 18 26 -21 21 22 -24 -25 -26 -27 27 -29 -30 -31
leaf_value=-0.06629368653702164 0.05882938778321925 0.050146836471648693 0.04727406208610576 0.070184276382741231 -0.017359991659396563 0.010547621464631755 0.0033262057403399513 0.011583339110968783 -0.016963909835302462 0.049930044819505824 0.037483681054740002 0.0080775273883558815 0.00634931890754592 0.048884990348862581 -0.069951273408074402 -0.045605446964790013 0.028368373567833744 0.015554071743227878 0.073276012149876002 -0.023804885254859923 -0.045560607154501109 0.016129825150602874 -0.072524605598808981 -0.051383485274262043 -0.055844724919997563 0.0038083318588266538 -0.071740850899032357 0.054152431307197928 0.027165687141723384 0.0077628544665507421
leaf_weight=32.444432403892279 1042.3708157539368 166.39804462343454 338.65523720160127 156.83032213896513 567.71045139059424 3537.5198815129697 319.70605593919754 7283.9579982180148 163.5490855909884 1364.7188847661018 847.27827401831746 463.59187157265842 271.47348736971617 238.80439268425107 20.031816765666008 151.86085978988558 3888.8251058124006 2290.2205600999296 120.18535867333412 125.5059321615845 120.91386817581952 818.9025344979018 45.90992753021419 43.737543920055032 119.29597485624254 278.01201412081718 24.24544882029295 50.556294962763786 3239.598534360528 246.25515249371529
leaf_count=727 252 97 715 50 8176 13145 745 20009 724 574 645 760 389 1300 137 1219 7201 9071 285 1260 3348 7764 690 1977 2516 4268 154 149 3395 772
internal_value=0 0.01797 0.0155854 0.0122831 0.011751 0.0127528 0.0135405 0.0165477 0.0237076 0.0365228 0.0409199 0.0191892 0.0299287 0.0125478 0.039688 -0.0166409 0.0246803 0.0235031 0.016256 0.0135092 0.00681507 -0.00243937 0.00839994 0.0127068 -0.0214429 -0.0111553 0.0502857 0.0133467 0.0250244 -0.000858337
internal_weight=0 27336.7 24223.2 17221.5 17064.7 16497 16066.4 11102.1 7001.74 3113.46 2483.47 629.99 1118.75 7542.79 258.836 430.56 6838.19 6499.54 2610.71 2415.73 4964.29 1426.77 908.55 862.64 518.222 398.926 194.987 74.8017 3559.3 278.7
internal_count=92514 92262 89797 70238 70188 62012 59294 25586 19559 2465 1608 857 1034 21446 1437 2718 18835 18120 10919 10331 33708 20563 10431 9741 10132 7616 588 303 4140 1499
is_linear=0
shrinkage=0.05


Tree=39
num_leaves=31
num_cat=0
split_feature=6 8 4 7 0 3 3 4 3 4 3 4 3 3 4 7 3 3 4 3 3 3 4 3 0 4 3 3 4 4
split_gain=653.949 460.774 198.492 121.057 109.414 162.027 222.862 132.407 120.984 91.8904 97.6971 79.5791 70.483 109.168 100.678 65.0605 60.3196 59.6459 86.1966 233.338 93.2945 157.725 82.5986 103.85 67.2396 55.1667 55.004 136.95 81.842 78.9752
threshold=1.0000000180025095e-35 1.0000000180025095e-35 0.0068850000000000005 1.0000000180025095e-35 1.3800000000000001 0.020553000000000005 0.029157000000000006 0.0034880000000000002 0.021173500000000001 0.0031410000000000001 0.020553000000000005 0.0069895000000000001 0.021115500000000002 0.021085500000000004 0.0032515000000000005 1.0000000180025095e-35 0.0019975000000000006 0.011827500000000003 0.0012695000000000002 0.010738500000000002 0.010317000000000002 0.0073745000000000008 0.00079750000000000014 0.0021455000000000003 0.99500000000000011 0.0031830000000000005 0.014443500000000003 0.014840500000000001 0.0016850000000000001 0.0024110000000000004
decision_type=2 2 2 2 2 2 2 2 2 2 2 2 2 2 2 2 2 2 2 2 2 2 2 2 2 2 2 2 2 2
left_child=1 2 3 4 16 -6 7 8 12 -3 -11 -4 13 14 25 -13 -1 18 19 20 21 22 23 -18 -25 -7 28 -28 -19 -29
right_child=-2 9 11 -5 5 6 -8 -9 -10 10 -12 15 -14 -15 -16 -17 17 26 -20 -21 -22 -23 -24 24 -26 -27 27 29 -30 -31
leaf_value=-0.078784971886817476 0.058325011701577091 0.01838220793799995 -0.040497440327917515 0.062104888373961775 0.024348070455159868 -0.073901490746624318 0.018600014735543766 -0.041167157352455859 0.032586380139213306 0.049055908612628658 0.028890139573890552 0.0054975047834590323 -0.058071060899490635 0.042336379531152282 -0.029981734580257255 0.079647259249219116 0.029996971551936938 0.0036248860117862932 0.024921144717710921 -0.063234510852609657 0.041527679455547195 -0.0072823429355635561 0.032047540212243437 -0.0040474753322459365 -0.11582778421698273 0.0099656164572839556 0.044321407003472181 -0.017483290416070999 -0.03581933512798826 0.01032117635955386
leaf_weight=18.49208952486515 999.89055442810059 625.03392284549773 93.982326164841652 147.1931353919208 7117.3004937767982 20.53628858923912 4545.9723438173532 205.4711774662137 258.55274924635887 1320.707176566124 1101.5564814917743 4100.7461631856859 60.713295176625252 118.43278588354588 334.12682690471411 29.797689005732536 317.16143907606602 514.68771373480558 1495.555956043303 104.69973541796207 256.44533766806126 856.79052010178566 705.01110003888607 421.77360231801867 13.896739929914473 433.79210145771503 252.04768216982484 321.45899143721908 176.64040735084563 1242.5678748954087
leaf_count=80 252 857 808 62 8145 95 6681 1967 459 574 1034 39213 535 105 1988 9 393 2146 2404 844 576 5089 800 3225 58 991 332 2419 2587 7786
internal_value=0 0.017153 0.0148425 0.0169284 0.0165924 0.019251 0.0131822 -0.00402158 0.00220304 0.0354747 0.0398853 0.00499728 -0.00591569 -0.00242405 -0.00914745 0.00603242 0.0113941 0.0116438 0.0153072 0.00993375 0.0129133 0.00974304 0.019749 0.00823177 -0.00761297 0.0061747 0.00554927 0.0101184 -0.00645346 0.00460644
internal_weight=0 27211.1 24163.8 19939.3 19792.1 13094.9 5977.6 1431.63 1226.15 3047.3 2422.26 4224.53 967.601 906.888 788.455 4130.54 6697.23 6678.74 4171.33 2675.78 2571.08 2314.63 1457.84 752.832 435.67 454.328 2507.4 1816.07 691.328 1564.03
internal_count=92514 92262 89797 49767 49705 20966 12821 6140 4173 2465 1608 40030 3714 3179 3074 39222 28739 28659 13389 10985 10141 9565 4476 3676 3283 1086 15270 10537 4733 10205
is_linear=0
shrinkage=0.05


Tree=40
num_leaves=31
num_cat=0
split_feature=6 8 3 4 4 4 1 3 5 5 4 5 1 4 4 4 5 3 5 5 4 3 5 3 3 3 4 3 5 5
split_gain=579.67 432.633 250.294 192.004 176.072 129.196 140.199 166.025 129.868 119.188 118.004 159.689 107.558 105.646 144.545 156.376 89.0324 88.5797 80.6832 74.3919 73.4754 115.59 74.9193 71.7148 122.612 70.2537 68.0706 90.4153 89.7955 65.7197
threshold=1.0000000180025095e-35 1.0000000180025095e-35 0.020607500000000004 0.0044770000000000009 0.0034880000000000002 0.0012695000000000002 390.85000000000008 0.010738500000000002 121.74691794652321 585.18100397650528 0.0068850000000000005 38.755323166117414 169.00000000000003 0.0033305000000000006 0.0032515000000000005 0.0032390000000000001 6.631684466616921 0.024409500000000004 706.81525135305162 4.5797175450479992 0.0033875000000000003 0.02247 14.943979739062842 0.040501000000000009 0.041300500000000011 0.020517000000000004 0.0031410000000000001 0.020553000000000005 26.957125350559739 85.875448809060956
decision_type=2 2 2 2 2 2 2 2 2 2 2 2 2 2 2 2 2 2 2 2 2 2 2 2 2 2 2 2 2 2
left_child=1 2 5 4 13 6 -1 -8 16 -10 17 12 -12 14 15 -4 19 -5 -11 -7 -15 -22 -23 -13 -25 -18 28 -28 -3 -24
right_child=-2 26 3 10 -6 8 7 -9 9 18 11 23 -14 20 -16 -17 25 -19 -20 -21 21 22 29 24 -26 -27 27 -29 -30 -31
leaf_value=-0.031873632472083982 0.057861396589526305 0.049708879267490548 -0.015887174696664688 0.08319528099211275 -0.04897433485736867 0.0017955883925193147 0.015223341245937595 -0.063532400929706107 0.028279590072916194 -0.12597371764020923 0.026379043256434143 -0.0042338261432729061 -0.043900295558266314 0.031578726728477516 -0.043400172206869862 0.039395532881089969 0.018699389056793917 0.017203720906995203 -0.0061107816501355791 -0.083839597842234215 -0.043215126495640348 0.14172856245415386 -0.063252098664741088 0.041250822148691649 0.0091218690424904169 -0.0094185788999037491 0.048354944150048977 0.028922747330609278 0.0086067789285887673 0.050764777151760747
leaf_weight=186.67283572256565 925.10122728347778 189.24389349669218 383.44190029427409 51.429416598752141 212.95383444428444 74.249852534383535 2425.0809375867248 68.818087797611952 5753.137898247689 16.400535404682159 70.283539518713951 804.15552301704884 241.52673273254186 335.02703999727964 243.5236181654036 191.95427937805653 4999.9956912677735 4519.440138168633 97.525279419496655 38.516252336092293 100.62654357403517 14.391743734478949 18.581168040633202 331.67538213729858 2836.1123440098017 232.47632126510143 1277.4847611188889 1126.4174762517214 446.17340836673975 39.517695233225822
leaf_count=1574 243 129 1332 255 2207 224 8815 608 10497 107 297 14262 7417 520 1593 190 12516 6898 293 194 792 7 113 390 17610 735 570 1048 729 91
internal_value=0 0.017618 0.0153924 0.00952437 -0.00677021 0.0197829 0.00992166 0.0130501 0.0221405 0.0272767 0.0123584 0.00639598 -0.028059 2.28663e-06 -0.0111105 0.00255534 0.0165028 0.0179462 -0.023366 -0.0274539 0.0179116 -0.00853791 0.0395987 0.0091008 0.0124859 0.0174501 0.0354023 0.0392494 0.0208481 0.0142999
internal_weight=0 27326.8 24287.5 10394.6 1540.02 13892.9 2680.57 2493.9 11212.3 5867.06 8854.62 4283.75 311.81 1327.06 818.92 575.396 5345.24 4570.87 113.926 112.766 508.144 173.117 72.4906 3971.94 3167.79 5232.47 3039.32 2403.9 635.417 58.0989
internal_count=92256 92013 89537 53974 6845 35563 10997 9423 24566 10897 47129 39976 7714 4638 3115 1522 13669 7153 400 418 1523 1003 211 32262 18000 13251 2476 1618 858 204
is_linear=0
shrinkage=0.05


Tree=41
num_leaves=31
num_cat=2
split_feature=6 8 3 4 4 3 4 3 4 4 4 4 2 3 3 3 2 4 0 1 3 1 4 4 3 3 3 4 3 4
split_gain=565.648 411.178 227.76 173.459 165.962 119.969 107.469 97.5513 115.466 96.1409 134.565 142.234 94.687 76.8471 69.4942 119.176 69.1951 95.8422 115.233 120.043 107.185 125.508 95.4441 121.561 80.2968 66.5155 93.2898 66.5003 105.967 66.1207
threshold=1.0000000180025095e-35 1.0000000180025095e-35 0.020607500000000004 0.0044770000000000009 0.0034880000000000002 0.019565500000000003 0.0068850000000000005 0.016109000000000002 0.0031585000000000003 0.0033305000000000006 0.0032515000000000005 0.0032390000000000001 0 0.022962000000000003 0.051515000000000005 0.059394000000000009 1 0.0014735000000000002 0.99500000000000011 440.55000000000001 0.012750500000000001 386.90000000000003 0.0012695000000000002 0.0011530000000000002 0.011041000000000002 0.020458500000000004 0.020553000000000005 0.0033875000000000003 0.02247 0.0031830000000000005
decision_type=2 2 2 2 2 2 2 2 2 2 2 2 9 2 2 2 9 2 2 2 2 2 2 2 2 2 2 2 2 2
left_child=1 2 5 4 9 7 13 16 -9 10 11 -4 14 -5 -8 -16 17 18 19 24 -19 -22 23 -18 -1 -3 -27 -11 -29 -7
right_child=-2 25 3 6 -6 29 12 8 -10 27 -12 -13 -14 -15 15 -17 22 20 -20 -21 21 -23 -24 -25 -26 26 -28 28 -30 -31
leaf_value=0.021914702702965822 0.057419497863974649 0.018372281532707192 -0.015155844223859972 0.087980357395863407 -0.048375458380806105 0.023626321619589382 0.032265099140444314 -0.035749895776977854 0.021836887149821488 0.030096568249503505 -0.042341521764566938 0.037753356397466659 -0.00013147691023832465 0.016505148586739252 -0.02026673892651663 0.016982886335791647 0.016646066303471575 0.026175951595866838 -0.02312337542121376 -0.032081105730000468 -0.047565705283555151 0.011816904473134356 0.032806237829591516 -0.045104776826538621 -0.055305205347998557 0.04752169392906077 0.027977311721015748 -0.042338936333165128 0.037286267384801119 -0.0070697737224279635
leaf_weight=671.50242108106613 886.58406710624695 533.05561796016991 381.8879051618278 37.921480733901262 205.01250291988254 7696.4725216627121 439.51033614948392 209.06445757113397 149.14383370056748 333.97675525397062 237.29155951365829 190.33045488595963 2535.9686431027949 4519.4953482970595 270.62165154889226 1039.6178831979632 1569.1934374719858 1136.210348777473 394.37460538744926 143.7338702455163 114.13075135275722 403.7783887796104 1046.4611193500459 83.962258599698544 35.441920481622219 1235.9491916298866 1206.6536840125918 97.649675197899342 73.03556215763092 179.52491828799248
leaf_count=3278 243 767 1332 85 2207 9014 1663 3403 2051 520 1593 190 33740 7068 1747 2826 3268 2456 2427 1904 734 1610 3560 505 457 570 1139 792 211 896
internal_value=0 0.0168354 0.0146784 0.00907343 -0.00653422 0.0188771 0.0117547 0.013523 -0.011773 -6.93327e-06 -0.0106849 0.00244274 0.00607067 0.0170999 0.0149748 0.00928921 0.0151414 0.00966231 -0.000782907 0.00957414 0.0175828 -0.00126914 0.0209123 0.0135098 0.0180434 0.0343745 0.0378667 0.0171212 -0.00826762 0.0229266
internal_weight=0 27171 24195.3 10362.3 1519.18 13833 8843.14 5957 358.208 1314.17 809.51 572.218 4285.72 4557.42 1749.75 1310.24 5598.79 2899.17 1245.05 850.678 1654.12 517.909 2699.62 1653.16 706.944 2975.66 2442.6 504.662 170.685 7876
internal_count=92256 92013 89537 53974 6845 35563 47129 25653 5454 4638 3115 1522 39976 7153 6236 4573 20199 12866 8066 5639 4800 2344 7333 3773 3735 2476 1709 1523 1003 9910
cat_boundaries=0 1 2
cat_threshold=388 84
is_linear=0
shrinkage=0.05


Tree=42
num_leaves=31
num_cat=2
split_feature=6 3 3 2 4 4 2 5 5 0 4 3 3 7 5 5 4 5 5 3 3 4 4 0 0 5 0 3 5 5
split_gain=551.192 244.045 224.467 134.663 97.7768 116.506 96.5065 88.09 175.525 230.266 104.909 96.9972 178.859 84.8305 81.0391 108.141 88.3847 115.994 130.25 138.823 77.4665 91.8599 86.2129 122.873 88.6438 107.833 94.2643 95.8752 85.2029 82.5307
threshold=1.0000000180025095e-35 0.020607500000000004 0.020200000000000006 0 0.0031830000000000005 0.0031410000000000001 1 82.098298634809808 82.892863997394997 0.94500000000000006 0.019431000000000004 0.031145500000000003 0.029157000000000006 1.0000000180025095e-35 150.81331319639671 154.72616665079974 0.0012695000000000002 285.38423697385775 231.96951972435295 0.0085970000000000022 0.016109000000000002 0.0034380000000000005 0.0014735000000000002 0.99500000000000011 0.9850000000000001 179.40304736341162 0.91500000000000015 0.0099105000000000009 189.03780730069334 214.31563920994975
decision_type=2 2 2 9 2 2 9 2 2 2 2 2 2 2 2 2 2 2 2 2 2 2 2 2 2 2 2 2 2 2
left_child=1 2 6 7 5 -4 20 -3 9 -9 11 12 -10 -5 -8 -16 17 18 19 -17 22 -22 23 24 25 -1 -27 28 -28 -26
right_child=-2 3 4 13 -6 -7 14 8 10 -11 -12 -13 -14 -15 15 16 -18 -19 -20 -21 21 -23 -24 -25 29 26 27 -29 -30 -31
leaf_value=-0.012046169333668678 0.057005531225823053 -0.031752261889036709 0.023629548024680258 0.01179554395687623 -0.008418923064505604 0.038110876047079065 0.014330891515552256 0.67269180424260189 -0.019915447286476238 -0.054006510552545878 0.049710351265886618 -0.052488543081783079 0.047624917940943236 0.064295486492238541 0.065353490659556951 0.016080065697011675 0.029550068121247049 0.038898174741965004 -0.1001506835910411 -0.071171124274991338 -0.034403281444179659 0.073038377284904185 0.01733818384586279 -0.022907432002131849 0.045027302434515526 -0.056844111222332641 0.14872992883598682 -0.060637151257547608 0.043506821275238888 -0.086519901413364797
leaf_weight=455.67487483099103 849.31381678581238 271.41388663370162 4389.9243949055672 10515.903848289512 187.49847567826509 2031.7048026025295 3583.7759528271854 2.2350075729191294 305.50589914619923 2.1279672905802727 91.211542598903179 100.90053801983595 144.33051214553416 77.511107310652733 166.3739993814379 234.4023981243372 1463.7887728735805 168.21828451007605 37.283358499407768 56.596477478742599 176.29128895327449 22.42445382475853 1698.608782671392 397.93783471733332 212.47004068642855 25.61142972111702 22.689086690545082 18.683931834995747 126.50270368903875 12.632060371339319
leaf_count=4235 243 8464 5167 36270 909 1451 10260 10 4294 66 856 3182 1927 22 218 413 2898 237 183 305 1801 56 4852 2494 422 298 49 165 442 67
internal_value=0 0.0160971 0.0201951 0.010583 0.027172 0.0282112 0.0150023 -0.00776305 0.00219093 0.318257 4.28037e-05 -0.008183 0.00175495 0.0121682 0.0188862 0.0266515 0.0233668 0.00513716 -0.0121627 -0.00088945 0.00792013 -0.0222788 0.00996678 0.000124693 0.0106082 0.00123288 0.0325059 0.0461373 0.0595092 0.0376453
internal_weight=0 27000.2 15489.1 11511.1 6609.13 6421.63 8879.97 917.725 646.311 4.36297 641.948 550.737 449.836 10593.4 5710.44 2126.66 1960.29 496.501 328.282 290.999 3169.53 198.716 2970.81 1272.2 874.264 649.162 193.487 167.876 149.192 225.102
internal_count=92256 92013 36922 55091 7527 6618 29395 18799 10335 76 10259 9403 6221 36292 14514 4254 4036 1138 901 718 14881 1857 13024 8172 5678 5189 954 656 491 489
cat_boundaries=0 1 2
cat_threshold=2102 84
is_linear=0
shrinkage=0.05


Tree=43
num_leaves=31
num_cat=2
split_feature=6 8 3 4 4 3 4 4 4 4 2 3 4 3 3 3 3 3 3 4 3 2 4 4 4 3 1 0 1 3
split_gain=537.475 386.217 194.492 151.289 154.806 102.258 97.1403 83.9073 128.153 122.825 83.7268 83.6485 97.9137 69.1131 64.574 88.8683 64.647 62.6046 107.159 60.7946 95.6607 59.7264 84.4399 107.079 77.914 96.6826 114.281 94.3728 101.92 70.343
threshold=1.0000000180025095e-35 1.0000000180025095e-35 0.020607500000000004 0.0044770000000000009 0.0034880000000000002 0.019565500000000003 0.0068850000000000005 0.0033305000000000006 0.0032515000000000005 0.0032390000000000001 0 0.016109000000000002 0.0031585000000000003 0.024409500000000004 0.020458500000000004 0.020553000000000005 0.0202845 0.051515000000000005 0.059394000000000009 0.0033875000000000003 0.02247 1 0.0012695000000000002 0.0011530000000000002 0.0014735000000000002 0.012750500000000001 386.90000000000003 0.99500000000000011 440.55000000000001 0.011041000000000002
decision_type=2 2 2 2 2 2 2 2 2 2 9 2 2 2 2 2 2 2 2 2 2 9 2 2 2 2 2 2 2 2
left_child=1 2 5 4 7 11 13 8 9 -4 17 21 -13 -5 16 -16 -3 -8 -19 -9 -21 24 23 -23 27 -26 -27 28 29 -1
right_child=-2 14 3 6 -6 -7 10 19 -10 -11 -12 12 -14 -15 15 -17 -18 18 -20 20 -22 22 -24 -25 25 26 -28 -29 -30 -31
leaf_value=0.019589119713239286 0.056617394842833152 0.021199303649460984 -0.013906929324352044 0.072015588970907748 -0.047810542947665381 0.020986548772476681 0.029936875875110455 0.028139814634924133 -0.041594687314141517 0.035547747144387014 -0.000592050144497702 -0.034247641296390567 0.018789283117703493 0.015037113580530656 0.046048143212950088 0.026581693997223949 -0.053837477406657612 -0.01994825430238388 0.015419269557288673 -0.041715388529820659 0.033903844149762871 0.015086102409896203 0.03040045686032098 -0.043738558008438441 0.023945547026531268 -0.046612776672915072 0.010257575113455798 -0.021299983392690378 -0.030861534187744989 -0.054894441267730201
leaf_weight=679.77145554125309 813.29033374786377 494.60235657729208 379.47087588906288 53.860695589333773 197.57776831462979 7740.0139287039638 441.9493301147595 332.39811688661575 232.93025779351592 187.62404356896877 2546.4314681766555 201.03397577349097 153.44205541349947 4477.3449551090598 1163.9431195035577 1181.351144593209 30.472274333238602 269.21115169860423 1047.5261676833034 95.572517640888691 74.364010840654373 1567.4102082177997 1035.5554557535797 81.37792693823576 1138.6877307370305 112.78518410027027 407.51067622005939 385.97532021999359 137.76507893204689 33.249027416110039
leaf_count=3278 243 687 1332 255 2207 9910 1663 520 1593 190 33740 3403 2051 6898 570 1139 80 1747 2826 792 211 3268 3560 505 2456 734 1610 2427 1904 457
internal_value=0 0.0153603 0.0132881 0.00811216 -0.00657002 0.0172005 0.0106044 -0.000313524 -0.0103701 0.00245521 0.00522607 0.0122627 -0.0112895 0.0157144 0.0326942 0.0362427 0.0168446 0.0135764 0.00818827 0.0157027 -0.00862451 0.0137588 0.0191394 0.0121827 0.00867501 0.0157864 -0.00207028 -0.000793987 0.00850895 0.0161159
internal_weight=0 26881.2 24010.8 10336.3 1499.94 13674.6 8836.32 1302.36 800.025 567.095 4305.12 5934.56 354.476 4531.21 2870.37 2345.29 525.075 1758.69 1316.74 502.335 169.937 5580.09 2684.34 1648.79 2895.74 1658.98 520.296 1236.76 850.786 713.02
internal_count=92256 92013 89537 53974 6845 35563 47129 4638 3115 1522 39976 25653 5454 7153 2476 1709 767 6236 4573 1523 1003 20199 7333 3773 12866 4800 2344 8066 5639 3735
cat_boundaries=0 1 2
cat_threshold=388 84
is_linear=0
shrinkage=0.05


Tree=44
num_leaves=31
num_cat=3
split_feature=6 3 3 2 4 4 5 5 4 3 3 0 2 5 5 2 5 0 5 4 5 5 3 5 3 5 3 5 4 4
split_gain=522.91 208.01 200.001 113.512 90.7815 110.115 81.0211 110.874 91.3013 93.348 153.702 90.1482 79.3375 76.5197 100.177 78.8905 72.2905 83.6929 79.2523 68.7565 78.2955 176.518 85.5903 70.7495 79.9629 82.0392 96.5105 93.2657 85.4865 76.1697
threshold=1.0000000180025095e-35 0.020607500000000004 0.020200000000000006 0 0.0031830000000000005 0.0031410000000000001 82.098298634809808 82.892863997394997 0.019431000000000004 0.031145500000000003 0.029157000000000006 0.94500000000000006 1 150.81331319639671 154.72616665079974 2 118.85900163483414 0.89500000000000013 112.16299456532965 0.013299500000000002 38.755323166117414 48.324352477285139 0.043711500000000007 185.09669559927607 0.044034500000000011 158.89017946820954 0.045596500000000005 154.72616665079974 0.021966500000000003 0.014535000000000001
decision_type=2 2 2 9 2 2 2 2 2 2 2 2 9 2 2 9 2 2 2 2 2 2 2 2 2 2 2 2 2 2
left_child=1 2 12 6 5 -4 -3 11 9 10 16 -8 -1 -14 -15 -16 17 18 -9 -5 -21 22 -22 24 -23 26 27 -26 -28 -25
right_child=-2 3 4 19 -6 -7 7 8 -10 -11 -12 -13 13 14 15 -17 -18 -19 -20 20 21 23 -24 29 25 -27 28 -29 -30 -31
leaf_value=0.0071829163950237725 0.056253186926585243 -0.030687248520472634 0.021778800135422598 0.012676927568013481 -0.0090354422660106244 0.036114283688174778 0.35638640542436312 -0.051159773767181366 0.045487489614851981 -0.052371200526870346 0.043382967547331314 -0.053862285148989879 0.012729302305409231 0.062387678185853106 -0.0020798981574324175 0.025898561121141361 -0.038718793081135329 0.0010135684306491221 0.30452603985383364 -0.0521900078215074 0.16225512338431625 -0.052156968922469765 0.042943302017026147 -0.026081494042780387 0.018743251859108835 -0.051242591340278733 -0.037058149315572546 0.14511762137373879 0.0089102309671108774 0.023960381075095755
leaf_weight=3158.9411256443709 778.50752210617065 264.71826971787959 4321.9546463191509 9089.4245543554425 188.05474863946438 1941.2315238788724 3.9337695762515059 2.4053624607622615 94.661855451762676 96.334140683524311 149.07674457505345 2.0301330052316189 3560.6682417374104 163.26721984706819 304.63352679088712 1620.6621753498912 180.54614660702646 113.90183699131012 4.4884927123785019 66.091687220148742 22.293912217020988 96.828915271908045 46.141711205244064 93.891988292336464 231.48768290132284 81.100146979093552 192.67291584983468 15.582479283213614 212.89141509309411 399.99308582022786
leaf_count=14881 243 8464 5167 22520 909 1451 10 111 856 3182 1927 66 10260 218 2255 1781 2939 1225 19 2665 330 3428 383 871 1155 432 2036 36 666 1770
internal_value=0 0.0146824 0.0185056 0.00959186 0.0251942 0.026222 -0.00730289 0.00214636 0.000151089 -0.00769821 0.00185631 0.216736 0.0136067 0.0171557 0.0247842 0.0215953 -0.0186873 0.0112525 0.180422 0.0110492 0.000983873 0.00350695 0.0818109 -0.000539097 -0.00945039 -0.00381452 0.00207916 0.0267136 -0.0129281 0.014447
internal_weight=0 26719.9 15259.4 11460.5 6451.24 6263.19 912.097 647.378 641.415 546.753 450.419 5.9639 8808.17 5649.23 2088.56 1925.3 301.342 120.796 6.89386 10548.4 1458.98 1392.88 68.4356 1324.45 830.564 733.735 652.634 247.07 405.564 493.885
internal_count=92256 92013 36922 55091 7527 6618 18799 10335 10259 9403 6221 76 29395 14514 4254 4036 4294 1355 130 36292 13772 11107 713 10394 7753 4325 3893 1191 2702 2641
cat_boundaries=0 1 2 3
cat_threshold=2102 84 33
is_linear=0
shrinkage=0.05


Tree=45
num_leaves=31
num_cat=0
split_feature=6 8 7 4 3 4 0 4 4 3 4 3 4 3 0 0 3 4 3 3 3 1 4 3 0 0 4 3 0 0
split_gain=512.729 388.4 218.328 154.196 102.097 110.971 99.5951 98.5507 113.875 96.7103 78.3757 71.926 53.974 52.8542 51.9318 88.6826 53.2095 47.5378 201.895 47.0041 69.08 43.3229 42.9108 73.9378 48.5062 43.7932 57.6335 66.7494 39.7496 36.3663
threshold=1.0000000180025095e-35 1.0000000180025095e-35 1.0000000180025095e-35 0.0068850000000000005 0.019384500000000002 0.0031225000000000003 1.0550000000000004 0.0048425000000000004 0.0034170000000000003 0.02247 0.0069895000000000001 0.017438000000000006 0.0031410000000000001 0.024409500000000004 1.1950000000000001 1.2650000000000003 0.0019975000000000006 0.0033305000000000006 0.020851000000000005 0.059394000000000009 0.07653900000000001 301.65000000000003 0.0031410000000000001 0.020553000000000005 0.92500000000000016 1.8300000000000003 0.0033875000000000003 0.020986500000000002 1.7650000000000003 1.7950000000000002
decision_type=2 2 2 2 2 2 2 2 2 2 2 2 2 2 2 2 2 2 2 2 2 2 2 2 2 2 2 2 2 2
left_child=1 2 3 4 11 -6 -5 8 12 -10 -8 14 -7 -9 16 -16 -1 18 -14 -12 -21 -17 24 -24 -3 26 27 -25 -15 -28
right_child=-2 22 -4 6 5 7 10 13 9 -11 19 -13 17 28 15 21 -18 -19 -20 20 -22 -23 23 25 -26 -27 29 -29 -30 -31
leaf_value=-0.078262580202716356 0.05590367854605667 0.099516930387340038 0.06275570439720439 -0.034014687489114022 0.019499068900236401 -0.071941172752431823 -0.040762721769786188 0.062703467040627292 -0.047292826299451723 0.00019173598148551247 0.0015457085917900855 -0.051837427937160598 0.0098825031342592486 0.017209640546538309 -0.063070938526907289 -0.026002422480154719 0.0090889617336095286 0.024040770793928874 -0.057354766307809869 0.017476057819600179 -0.031461774785747923 0.015284105801999241 0.043432104562229956 0.01485791200579231 0.017258068280996124 0.043591555380330049 -0.021098316112697042 0.049850858085972047 0.0067178031349394264 0.018101318684892245
leaf_weight=17.492397651076317 725.89234781265259 18.448150217533112 203.72832984477282 182.40754034370184 6850.1107148006558 21.177495777606964 96.506976667791605 56.820922214537859 194.06216041371226 239.63901873677969 2891.15862538293 51.465204133652151 1318.0400224477053 3114.9262361302972 66.523609928786755 96.751771681010723 5189.4242441561073 381.35202774405479 121.97906436398625 978.54793722182512 77.847976960241795 185.09512677788734 1092.4709526374936 367.62090092897415 627.6417282409966 242.22076173126698 117.84891341626644 216.55616907775402 1271.1543220877647 118.82095614075661
leaf_count=76 237 19 76 8510 8740 101 851 279 2424 1402 27776 1689 2622 4342 455 400 22651 787 1181 2520 315 339 593 413 839 138 280 94 2146 126
internal_value=0 0.0133079 0.0112189 0.0107703 0.0126757 0.0150209 0.00212527 0.0104554 0.00199544 -0.0210555 0.00375536 0.00699998 0.0074212 0.0147897 0.00754507 -0.0111447 0.00879551 0.00834396 0.00418707 0.00484371 0.0138697 0.00111136 0.0309095 0.0342973 0.0196068 0.0249098 0.019397 0.0278299 0.0141689 -0.001418
internal_weight=0 26407.8 23606.2 23402.5 19176 13569.3 4226.47 6719.15 2276.25 433.701 4044.06 5606.75 1842.55 4442.9 5555.29 348.371 5206.92 1821.37 1440.02 3947.55 1056.4 281.847 2801.63 2155.54 646.09 1063.07 820.847 584.177 4386.08 236.67
internal_count=92421 92184 89682 89606 49634 24024 39972 15284 8517 3826 31462 25610 4691 6767 23921 1194 22727 4590 3803 30611 2835 739 2502 1644 858 1051 913 507 6488 406
is_linear=0
shrinkage=0.05


Tree=46
num_leaves=31
num_cat=0
split_feature=6 8 7 4 3 4 0 4 4 3 4 3 4 3 0 0 3 4 4 0 4 4 3 4 3 0 0 4 3 4
split_gain=497.335 365.439 204.609 140.341 94.0894 101.685 92.4585 89.0466 104.209 92.3558 72.5808 67.4758 49.9796 47.5865 48.3333 83.7597 45.9661 43.1236 64.2135 62.561 43.1097 42.8964 188.981 42.2559 72.7009 41.762 41.5959 53.4304 63.9366 39.1575
threshold=1.0000000180025095e-35 1.0000000180025095e-35 1.0000000180025095e-35 0.0068850000000000005 0.019384500000000002 0.0031225000000000003 1.0550000000000004 0.0048425000000000004 0.0034170000000000003 0.02247 0.0069895000000000001 0.017438000000000006 0.0031410000000000001 0.0019975000000000006 1.1950000000000001 1.2650000000000003 0.024409500000000004 0.021966500000000003 0.015649000000000003 1.6650000000000003 0.019848500000000005 0.0033305000000000006 0.020851000000000005 0.0031410000000000001 0.020553000000000005 0.92500000000000016 1.8300000000000003 0.0033875000000000003 0.020986500000000002 0.014911000000000002
decision_type=2 2 2 2 2 2 2 2 2 2 2 2 2 2 2 2 2 2 2 2 2 2 2 2 2 2 2 2 2 2
left_child=1 2 3 4 11 -6 -5 8 12 -10 -8 13 -7 -1 -15 -16 -9 18 29 20 -20 22 -14 25 -25 -3 27 28 -26 -12
right_child=-2 23 -4 6 5 7 10 16 9 -11 17 -13 21 14 15 -17 -18 -19 19 -21 -22 -23 -24 24 26 -27 -28 -29 -30 -31
leaf_value=-0.076140807857223214 0.055582726540047367 0.091794268476241656 0.061256366973663351 -0.033385131174759816 0.018657144780408964 -0.070430315282963923 -0.039946222568651726 0.058311341068358891 -0.04671380687418291 0.00018212977247937523 0.0033273654335159494 -0.05174719628610628 0.009402495579913071 0.0086220891682291575 -0.062310772741145048 0.0010568401139873439 0.013510339299937524 0.019928289634516837 -0.0060295801027482497 -0.043099588607720264 0.097618249351899056 0.022872648735725389 -0.056951925281914895 0.042636835404661053 0.014241808597179974 0.016516136084015056 0.042522409663434214 -0.0013455576833493652 0.048880267171878683 0.019639221320897619
leaf_weight=17.091004103422165 694.37628817558289 18.985314637422562 198.41463098675013 176.70098332874477 6802.5092106685042 20.565711304545403 93.629229679703712 58.013543382287025 186.82813296839595 239.66341344639659 2577.9757299665362 49.038425331003964 1316.111567273736 5196.7098107924685 64.031555511057377 280.99652450531721 4370.3672662973404 410.86721651442349 393.12848563306034 131.47590371035039 10.29487883672118 380.8007695376873 116.82999299280345 1058.0839290171862 364.43120865523815 623.16151384450495 236.05351622402668 236.20674125477672 209.98120945692062 429.16401047166437
leaf_count=76 237 19 76 8510 8740 101 851 279 2424 1402 17083 1689 2622 22651 455 739 6488 1210 8001 773 76 787 1181 593 413 839 138 406 94 3468
internal_value=0 0.0127118 0.0106965 0.0102663 0.0120902 0.0143527 0.00201809 0.00997532 0.00190141 -0.020361 0.00356405 0.00664686 0.00707761 0.00716199 0.0074189 -0.0107032 0.0140973 0.00459465 0.00281598 -0.0131464 -0.00338461 0.00795646 0.00399251 0.0299691 0.0333944 0.0187418 0.0240513 0.0186725 0.0269042 0.00565531
internal_weight=0 26268.1 23521.2 23322.8 19099.6 13491.7 4223.24 6689.18 2260.8 426.492 4046.54 5607.87 1834.31 5558.83 5541.74 345.028 4428.38 3952.91 3542.04 534.899 403.423 1813.74 1432.94 2746.9 2104.76 642.147 1046.67 810.619 574.412 3007.14
internal_count=92421 92184 89682 89606 49634 24024 39972 15284 8517 3826 31462 25610 4691 23921 23845 1194 6767 30611 29401 8850 8077 4590 3803 2502 1644 858 1051 913 507 20551
is_linear=0
shrinkage=0.05


Tree=47
num_leaves=31
num_cat=2
split_feature=8 2 5 3 3 5 3 3 5 4 4 5 2 4 5 3 5 4 5 4 4 3 0 5 4 3 5 5 0 0
split_gain=300.451 170.821 140.824 128.032 145.266 83.9504 138.937 82.8726 74.0686 72.9582 65.5302 65.1979 62.5732 62.1838 78.234 89.7842 68.1576 67.9453 102.868 106.588 76.3209 103.835 60.2955 174.467 64.2327 60.1163 58.3775 56.3263 64.2426 55.435
threshold=1.0000000180025095e-35 0 46.9504345995962 0.038306000000000007 0.043711500000000007 90.453467845343582 0.020458500000000004 0.020553000000000005 920.34553611384729 0.00079750000000000014 0.0030355000000000004 46.249021299289943 1 0.0073130000000000009 149.88690451656572 0.038022500000000008 48.324352477285139 0.0033535000000000001 48.99744357809945 0.0034880000000000002 0.0048425000000000004 0.024409500000000004 1.7950000000000002 231.96951972435295 0.0034170000000000003 0.022268000000000003 72.037096372817814 74.204963774787842 1.6650000000000003 1.0050000000000001
decision_type=2 9 2 2 2 2 2 2 2 2 2 2 9 2 2 2 2 2 2 2 2 2 2 2 2 2 2 2 2 2
left_child=1 -1 3 11 -5 -2 -7 -8 9 -4 -10 12 -3 14 15 17 -15 29 19 -19 -20 -22 23 24 -9 -26 -18 28 -28 -11
right_child=5 2 8 4 -6 6 7 22 10 13 -12 -13 -14 16 -16 -17 26 18 20 -21 21 -23 -24 -25 25 -27 27 -29 -30 -31
leaf_value=0.0041503110445297404 0.035895060746014777 -0.00026012390396224253 -0.10001509422197062 0.021173717925487757 -0.053947001760571191 -0.029499013691412591 0.03978790467730426 0.014160759146223148 -0.10372065851507746 0.00042342379446014505 -0.005474804459131742 -0.10899696153952648 -0.029504173892613113 0.099661611462040264 0.022120525054596572 0.02332578620181323 -0.02334792082773969 0.19088425991871696 -0.031207737264460841 -0.063068354733603685 0.088455399084432604 -0.0039790330302640923 0.031370771017283632 -0.16168100978998376 -0.18604681244280519 -0.020997069302301729 -0.05658965506657148 0.0081005572422152162 0.1143535833775611 0.014937722320824532
leaf_weight=6060.1142126098275 1681.0892773736268 1560.4646963272244 13.513320215046404 1094.3197963265702 68.376655552536249 135.24603629857302 454.01198025792837 203.44326692819595 21.963121702894568 770.91278210654855 74.699363600462675 14.828786641359327 197.43895339779556 19.943007074296474 5306.0300024673343 2021.0803453028202 148.4263211498037 12.767518505454065 234.10252907313406 6.1087774559855452 34.686652988195419 244.81608121097088 176.62337505817413 16.952721949666739 7.6894819065928486 19.52732940018177 7.1027378458529737 1683.0094523318112 24.298760659992695 4485.8858831319958
leaf_count=43668 1309 5013 106 1922 1650 342 281 235 140 2456 235 106 1018 95 9265 2243 1628 18 1679 59 18 608 141 87 40 67 106 8471 21 9394
internal_value=0 0.0114381 0.0138756 0.00386212 0.016756 0.0290425 0.0176762 0.024941 0.0158302 0.0161111 -0.0277977 -0.00459467 -0.00371399 0.0162158 0.0174355 0.0142527 0.00771844 0.0110852 -0.00593424 0.1087 -0.0101473 0.0074922 0.00905196 -0.00686815 0.00451006 -0.0676281 0.00673412 0.0093385 0.0756878 0.0128092
internal_weight=0 24104.9 18044.8 2935.43 1162.7 2694.58 1013.49 878.248 15109.3 15012.7 96.6625 1772.73 1757.9 14999.2 13116.4 7810.36 1882.78 5789.28 532.482 18.8763 513.605 279.503 424.236 247.613 230.66 27.2168 1862.84 1714.41 31.4015 5256.8
internal_count=92421 89919 46251 9709 3572 2502 1193 851 36542 36167 375 6137 6031 36061 25740 16475 10321 14232 2382 77 2305 626 570 429 342 107 10226 8598 127 11850
cat_boundaries=0 1 2
cat_threshold=3281 546
is_linear=0
shrinkage=0.05


Tree=48
num_leaves=31
num_cat=3
split_feature=8 4 5 3 5 2 5 3 3 5 0 0 5 5 4 5 2 0 5 2 4 4 0 5 4 5 3 5 4 4
split_gain=283.633 159.667 138.949 135.127 92.4163 111.346 78.581 127.255 78.9551 74.1888 74.0636 76.112 73.5805 98.0325 91.133 88.8652 73.7209 69.0535 65.0942 58.5795 79.0447 58.1243 55.4845 150.734 57.0004 55.0388 54.2877 82.7055 83.2673 56.0076
threshold=1.0000000180025095e-35 0.0068850000000000005 35.950142529869105 0.019384500000000002 47.621826425365313 0 90.453467845343582 0.020458500000000004 0.020553000000000005 508.42848115258965 1.0050000000000001 1.0350000000000004 152.12593933029311 154.72616665079974 0.0012365000000000004 144.41320010436422 1 1.7950000000000002 241.74813574823415 2 0.0030445000000000003 0.0069895000000000001 1.7950000000000002 231.96951972435295 0.0034170000000000003 1414.8047806152824 0.016109000000000002 179.40304736341162 0.0030375000000000007 0.0012695000000000002
decision_type=2 2 2 2 2 9 2 2 2 2 2 2 2 2 2 2 9 2 2 9 2 2 2 2 2 2 2 2 2 2
left_child=1 3 -3 12 5 17 -2 -8 -9 18 -4 -12 15 14 -14 -1 -17 -5 19 20 -6 -13 23 24 -10 -23 29 28 -28 -15
right_child=6 2 10 4 9 -7 7 8 22 -11 11 21 13 26 -16 16 -18 -19 -20 -21 -22 25 -24 -25 -26 -27 27 -29 -30 -31
leaf_value=0.00362603287816716 0.034875401920996141 -0.033712788121480985 -0.036660060317113184 0.021565211487070208 0.018655428313198229 -0.0017822644868623759 -0.027816328327697495 0.03898363528108794 0.013562999030305473 -0.015688226905579288 0.16745496346891173 -0.03708591121158674 0.10250117456007045 0.003738834184089448 -0.0052787716213751898 -0.062919083815701868 0.0067265804850960833 -0.03076539982040067 0.027083364313539856 0.021895373165359215 0.007499181315731406 0.0066004132809858972 0.030389202889695717 -0.14726221054381863 -0.062816575144012801 -0.066497814722918047 -0.060634108256321588 -0.057100606609643036 0.10361093707793285 0.021270466933837877
leaf_weight=3470.8384761707857 1644.6659779213369 254.4382303757593 106.92563882470131 1132.7341819461435 3422.6479424536228 1539.363965747878 136.22984844446182 440.55419778823853 201.83118236064911 167.01171229965985 7.2427994571626177 79.531586989760399 57.481477051973343 820.1082778647542 29.770593915134668 83.873394697904587 67.917159657925367 66.754745706915855 1641.3747007511556 3189.0547177363187 2961.5675028562546 3781.2884969254956 173.29773668944836 17.662053447216749 27.789886921644211 25.927635226398706 12.547049541026352 65.467338564805686 20.044288013130426 1024.8355826046318
leaf_count=17066 1309 6977 4625 1431 3844 4425 342 281 235 435 91 674 89 3016 138 847 191 216 2159 4809 6983 27422 141 87 107 191 176 1305 182 2627
internal_value=0 0.0109007 0.00211488 0.0127915 0.0154068 0.00716086 0.0281604 0.0170872 0.0241909 0.017391 0.00439334 0.00552063 0.00625886 0.0138788 0.0657264 0.00198835 -0.0354588 0.0184987 0.0178836 0.0163063 0.0134591 0.00521887 0.00869559 -0.00650745 0.00431916 0.0061026 0.0115506 -0.0247015 0.0403797 0.0134774
internal_weight=0 24028.7 4255.35 19773.4 14120.5 2738.85 2642.03 997.365 861.135 11381.7 4000.92 3893.99 5652.88 2030.25 87.2521 3622.63 151.791 1199.49 11214.6 9573.27 6384.22 3886.75 420.581 247.283 229.621 3807.22 1943 98.0587 32.5913 1844.94
internal_count=92421 89919 39980 49939 24302 6072 2502 1193 851 18230 33003 28378 25637 7533 227 18104 1038 1647 17795 15636 10827 28287 570 429 342 27613 7306 1663 358 5643
cat_boundaries=0 1 2 3
cat_threshold=272 52 3588
is_linear=0
shrinkage=0.05


Tree=49
num_leaves=31
num_cat=0
split_feature=6 8 5 3 5 5 3 3 1 3 1 4 5 0 4 3 4 1 3 0 5 5 0 5 4 3 5 3 4 5
split_gain=485.818 306.803 206.089 121.197 113.681 73.4304 116.627 75.0829 72.0887 117.65 84.2526 64.8895 72.9502 98.4935 72.1034 100.22 101.157 71.2268 70.9879 65.4754 57.4924 56.7389 51.0835 99.5754 55.3973 50.2373 50.1928 47.6525 82.0241 75.4084
threshold=1.0000000180025095e-35 1.0000000180025095e-35 82.098298634809808 0.07653900000000001 920.34553611384729 90.453467845343582 0.020458500000000004 0.020553000000000005 431.4500000000001 0.0021455000000000003 430.00000000000006 0.0068850000000000005 82.892863997394997 1.0050000000000001 0.0007130000000000002 0.006660000000000001 0.00079750000000000014 447.9500000000001 0.0023880000000000004 1.0350000000000004 82.892863997394997 83.627054041214862 1.8300000000000003 231.96951972435295 0.0067385000000000006 0.0202845 95.211148834696615 0.0081730000000000014 0.0012805000000000002 76.391822667033281
decision_type=2 2 2 2 2 2 2 2 2 2 2 2 2 2 2 2 2 2 2 2 2 2 2 2 2 2 2 2 2 2
left_child=1 2 8 4 11 -3 25 -8 10 -10 27 14 17 -14 18 21 -17 -13 -4 -15 -18 -16 23 -9 -25 -7 -23 29 -29 -1
right_child=-2 5 3 -5 -6 6 7 22 9 -11 -12 12 13 19 15 16 20 -19 -20 -21 -22 26 -24 24 -26 -27 -28 28 -30 -31
leaf_value=0.028856666512143549 0.055053584419722426 0.033873790457865073 0.0093621682410779446 -0.072471058074452407 -0.031846087115149441 -0.017871121685305299 0.038184484681362353 0.0064437412809812801 0.016595606887566974 -0.041074795651854769 0.11246399176317373 0.04872788580059887 -0.051606376808638291 0.15303752906363752 0.2108226078777749 -0.071737293872291608 -0.0488156402005216 0.25163466521771782 -0.041354096886876135 0.0068828607714516979 0.015404679751523343 -0.061386381087128163 0.03768111120845672 -0.14914017460160561 0.0077509773355819451 -0.13558414010905293 0.062050160629515516 -0.022186272265281973 0.0037975662530635255 -0.10754522486982443
leaf_weight=268.72593653202057 640.6771035194397 1609.5374740529805 184.53084959089756 41.796764150261879 141.34155056998134 127.36940965056419 427.61695055663586 281.58100528270006 144.03806495666504 229.09136868081987 17.763123199343681 24.683231363072995 72.820218399167061 7.6833172123879185 5.9586656838655463 33.545918092131615 34.95461512170732 5.2438855320215216 110.20194172859192 2882.3172617098317 11667.538973760791 8.9138147979974729 109.46516326069832 16.93090679123998 8.4267740398645383 9.75837793946266 108.23618122935295 317.52413452416658 6986.7072920333594 10.529580429196356
leaf_count=599 237 1309 385 196 743 300 281 400 219 4483 24 145 3144 61 8 226 169 14 1292 18665 26556 59 73 81 16 42 299 1992 30342 61
internal_value=0 0.0109784 0.00916378 0.012555 0.0127875 0.0273015 0.0165199 0.0234683 0.00264449 -0.0188125 0.00369777 0.013204 0.00660889 0.00582433 0.014828 0.0154351 0.0149643 0.0842816 -0.00960088 0.00727143 0.0152129 0.0603134 0.00835593 -0.00210246 -0.0970027 -0.0262479 0.052658 0.003443 0.00266802 0.0237135
internal_weight=0 25894.8 23304.1 15329.8 15288 2590.69 981.149 844.021 7974.38 373.129 7601.25 15146.6 2992.75 2962.82 12153.9 11859.1 11736 29.9271 294.733 2890 11702.5 123.109 416.404 306.939 25.3577 137.128 117.15 7583.49 7304.23 279.256
internal_count=92421 92184 89682 51962 51766 2502 1193 851 37720 4702 33018 51023 22029 21870 28994 27317 26951 159 1677 18726 26725 366 570 497 97 342 358 32994 32334 660
is_linear=0
shrinkage=0.05


Tree=50
num_leaves=31
num_cat=0
split_feature=6 8 7 3 0 3 4 3 3 4 4 4 4 1 3 4 4 4 0 3 4 3 3 3 3 3 3 3 4 3
split_gain=471.346 337.016 136.392 140.814 100.639 88.3808 69.0053 89.0203 106.142 79.0069 72.1169 68.0796 65.0795 62.3855 48.3941 47.3359 54.5118 162.361 43.9289 38.2703 97.0771 37.5682 69.6838 46.3226 123.368 61.0543 59.4961 38.8607 34.9861 61.6139
threshold=1.0000000180025095e-35 1.0000000180025095e-35 1.0000000180025095e-35 0.020517000000000004 1.0550000000000004 0.020200000000000006 0.013299500000000002 0.026419500000000002 0.022094500000000003 0.0034880000000000002 0.014911000000000002 0.013109000000000001 0.012883500000000001 318.40000000000003 0.0019975000000000006 0.0033875000000000003 0.0033305000000000006 0.0032515000000000005 1.2350000000000001 0.045596500000000005 0.019431000000000004 0.030671500000000001 0.030875500000000004 0.040501000000000009 0.039514500000000008 0.051515000000000005 0.050114500000000006 0.059132500000000011 0.0031410000000000001 0.020553000000000005
decision_type=2 2 2 2 2 2 2 2 2 2 2 2 2 2 2 2 2 2 2 2 2 2 2 2 2 2 2 2 2 2
left_child=1 2 3 5 -5 14 7 8 13 -10 -8 12 21 15 -1 16 17 18 -6 -12 -21 -9 -23 24 -24 26 -25 -27 -3 -30
right_child=-2 28 -4 4 6 -7 10 11 9 -11 19 -13 -14 -15 -16 -17 -18 -19 -20 20 -22 22 23 25 -26 27 -28 -29 29 -31
leaf_value=-0.07467882914981025 0.054780552201699417 0.017948824026315081 0.056495773911476171 -0.029512852783683419 -0.06974867578557617 0.01856174134706022 -0.02617357078545517 0.023298295738031348 0.0095365601042320704 -0.049356432964528685 0.01317378208316934 0.071261091052248288 -0.057753944280560937 0.055405162502531073 0.0098043799130333679 -0.030103805967093542 0.021444345251428215 -0.040642290287298918 0.0075068418803078234 -0.023691436780361137 0.0095467404849505152 -0.067194295849603888 0.0090749103956996851 0.019974965787075583 -0.020470820653613449 -0.0036254157611294493 0.056075374188297694 0.015570203979461086 0.040697518366614921 0.023089847800907917
leaf_weight=16.985320866107941 635.36486268043518 634.48114004358649 152.0236047655344 209.65590322576463 18.708015896379948 4142.7925553992391 299.23286437802017 487.46403829753399 82.299830798059702 184.86998634040356 434.29240220598876 45.022324413061142 35.703812286257744 54.088048258796334 8356.1220217924565 115.18754491955042 324.35747386515141 220.46541699022055 1119.6427921690047 388.9597381381318 504.74439300131053 29.952828004956245 3995.9113259166479 484.1665711440146 387.5758941732347 391.79690546542406 149.3331614099443 806.19119002297521 943.95975379645824 1048.9218375049531
leaf_count=77 246 850 68 9320 95 5003 4548 1069 379 1915 5020 40 426 110 28929 994 521 1540 2408 5663 2842 188 9766 2091 1857 2016 379 2330 577 1069
internal_value=0 0.0111934 0.00928985 0.00898166 0.00479004 0.0125884 0.00547109 0.00719618 -0.00175265 -0.0312149 -0.00399886 0.00998024 0.00957259 0.00249654 0.009633 0.000905242 0.00302734 -0.00136891 0.0062372 0.000997685 -0.00491925 0.00992964 0.00888611 0.00925278 0.00646256 0.0159309 0.0284848 0.00929236 0.0281744 0.03143
internal_weight=0 26064.9 23437.5 23285.5 10769.6 12515.9 10560 8932.74 2119.62 267.17 1627.23 6813.12 6768.1 1852.45 8373.11 1798.36 1683.17 1358.82 1138.35 1328 893.704 6732.39 6244.93 6214.98 4383.49 1831.49 633.5 1197.99 2627.36 1992.88
internal_count=92336 92090 89594 89526 55517 34009 46197 28124 7962 2294 18073 20162 20122 5668 29006 5558 4564 4043 2503 13525 8505 19696 18627 18439 11623 6816 2470 4346 2496 1646
is_linear=0
shrinkage=0.05


Tree=51
num_leaves=31
num_cat=2
split_feature=8 4 2 1 5 2 4 5 3 5 5 0 5 5 3 5 5 4 5 3 5 3 4 5 5 4 5 5 5 3
split_gain=277.91 136.952 132.907 119.467 96.5054 124.121 158.739 84.7093 71.6353 110.819 104.032 86.0182 69.1534 95.7325 94.5763 93.4672 80.7906 81.6196 67.6228 67.8695 72.6147 65.2343 96.456 64.7138 76.7792 64.5128 65.1363 65.4779 74.9634 64.0494
threshold=1.0000000180025095e-35 0.013299500000000002 0 434.50000000000006 116.88692094680263 1 0.0033875000000000003 29.723105570781872 0.015952000000000004 112.16299456532965 113.16440880279745 0.88500000000000012 39.499059982943692 48.324352477285139 0.043711500000000007 46.9504345995962 73.476410192120639 0.014287500000000002 55.85513870634616 0.020458500000000004 170.83321317771095 0.011827500000000003 0.0024110000000000004 88.942185493459746 141.98858618898055 0.0016850000000000001 19.782931750250935 47.621826425365313 48.324352477285139 0.020553000000000005
decision_type=2 2 9 2 2 9 2 2 2 2 2 2 2 2 2 2 2 2 2 2 2 2 2 2 2 2 2 2 2 2
left_child=1 2 3 21 5 6 7 -4 -5 -10 -11 -12 -3 14 -14 -16 -15 -18 -2 20 -20 -1 25 -19 -25 26 -23 -28 -29 -21
right_child=18 12 4 8 -6 -7 -8 -9 9 10 11 -13 13 16 15 -17 17 23 19 29 -22 22 -24 24 -26 -27 27 28 -30 -31
leaf_value=0.01376816104884105 0.036738250405108697 -0.051750225030399034 -0.0080242000072293426 -0.045579095945643466 0.017885696696062849 0.016540808983801052 -0.026630243161257006 0.010591322450638393 -0.052860921684950074 0.2454452929599143 0.048574349233747365 -0.051176272930311177 0.13119207384192619 -0.043461792838821997 -0.056379039818306657 0.08768693382821921 -0.055150776180908002 0.031538277166887327 0.0095422151911904868 0.037777725756381074 -0.05891054988627166 0.066171210138876099 0.0073883481598314791 -0.021043333860713206 0.0066627067219650234 -0.023454543020222936 -0.045701387580689208 0.16659543742565358 0.0017291230129629293 0.014748635213820744
leaf_weight=2224.4354159347713 1091.1072579137981 72.442600178532302 751.0192591547966 176.78160607814789 7146.1274196635932 3809.9069541506469 381.26329279877245 3280.4196976423264 63.452429439872503 5.3399634733796111 73.283432632684708 30.651821842417121 25.855284862220287 122.03610266000032 23.967921167612076 21.231353599578142 66.187894862145185 160.04789504222572 226.91407699882984 562.64042911678553 46.71853020042181 36.400240086019039 3357.4487010221928 372.0924846380949 762.41297266818583 481.22922858875245 76.649548187851906 7.0041573345661154 441.8618035800755 651.58114628121257
leaf_count=7735 816 3438 1984 2417 12703 7469 3528 5439 2602 25 438 1483 345 2490 435 104 1226 1416 357 379 153 103 18897 3929 4881 4743 417 9 1584 791
internal_value=0 0.0100098 0.0110295 0.00527908 0.0136268 0.00994196 0.00419755 0.00712343 -0.0232039 -0.000303576 0.0302147 0.0191566 -0.00399896 -0.00177271 0.0549216 0.0112927 -0.00448949 -0.000994319 0.0272837 0.0203503 -0.00214503 0.00678969 0.00326218 0.00177459 -0.00242426 -0.0100182 0.00148875 -0.00299153 0.00430172 0.0254197
internal_weight=0 23969.5 22343.3 6974.54 15368.7 8222.61 4412.7 4031.44 349.509 172.728 109.275 103.935 1626.27 1553.83 71.0546 45.1993 1482.78 1360.74 2578.96 1487.85 273.633 6625.03 4400.59 1294.55 1134.51 1043.14 561.916 525.516 448.866 1214.22
internal_count=92336 89840 71576 40453 31123 18420 10951 7423 6965 4548 1946 1921 18264 14826 884 539 13942 11452 2496 1680 510 33488 25753 10226 8810 6856 2113 2010 1593 1170
cat_boundaries=0 1 2
cat_threshold=3124 578
is_linear=0
shrinkage=0.05


Tree=52
num_leaves=31
num_cat=1
split_feature=6 8 5 4 5 4 2 4 5 5 4 4 5 4 4 5 5 4 0 4 4 4 5 4 5 5 5 5 4 5
split_gain=459.28 297.156 133.752 85.382 80.7556 76.1867 74.491 70.1478 68.4471 64.1147 63.1333 63.1305 65.0149 61.465 64.8667 60.7617 60.5699 52.7101 66.107 60.2962 51.7321 50.7626 49.3473 48.9924 48.5482 88.0975 86.5813 122.858 59.2265 52.0399
threshold=1.0000000180025095e-35 1.0000000180025095e-35 75.594534593981066 0.013299500000000002 74.204963774787842 0.014287500000000002 0 0.0030445000000000003 76.391822667033281 55.85513870634616 0.015211500000000001 0.0031225000000000003 170.83321317771095 0.013109000000000001 0.012883500000000001 140.80083448398108 79.868299609614709 0.0031830000000000005 1.8300000000000003 0.0033100000000000004 0.016054000000000002 0.0032930000000000004 73.476410192120639 0.012057000000000002 175.90930363448868 177.64653731058817 158.89017946820954 157.55162266709399 0.014535000000000001 185.09669559927607
decision_type=2 2 2 2 2 2 9 2 2 2 2 2 2 2 2 2 2 2 2 2 2 2 2 2 2 2 2 2 2 2
left_child=1 2 4 6 10 -5 8 15 -4 -3 -1 12 -11 14 -9 -8 20 -13 19 21 -7 -19 -12 -10 26 -26 27 -18 -27 -30
right_child=-2 9 3 5 -6 16 7 13 23 11 22 17 -14 -15 -16 -17 24 18 -20 -21 -22 -23 -24 -25 25 28 -28 -29 29 -31
leaf_value=0.004110680191854183 0.054450969519750973 0.035756759852659477 0.061321201376655657 -0.054915594614724055 -0.040252338733966442 -0.059870176910436668 0.011848979631477827 0.010747593684389815 0.0064529789214643864 0.0090976380987622847 -0.0346985617385909 0.034970194306011476 -0.055454386311908181 0.069532129025725142 -0.057739256248224985 0.024133997502120107 -0.0080105307345569084 -0.00057011866954696127 0.041692444442231469 -0.019685501528736729 0.07632268192115621 0.043705952757488731 0.077857564385570122 0.12405411036040762 0.12150887320381083 -0.037525275775377953 -0.066515067444325712 0.12967945211383644 -0.068460686807873677 0.015966568105564155
leaf_weight=6971.5899176299572 598.73820447921753 1065.6590648330748 57.888545940630138 62.817047036252916 107.57792149763554 8.3052235739305598 1625.2616710215807 5069.6016169525683 5224.3169932300225 226.12333602644503 151.55868910159916 604.71145269274712 47.137354366481304 44.147675827145576 34.811214154586196 2643.7870205901563 580.25870477128774 148.62549878656864 157.19992430508137 167.09434339404106 43.452676739543676 114.69159030914307 10.406535157933829 8.8712111189961416 17.172475472092628 67.051549857482314 61.409239185974002 16.666246991604567 19.002246700227261 462.29754463396966
leaf_count=29535 246 816 181 1211 692 127 2272 11145 27106 357 4025 447 153 36 395 2846 5531 212 92 357 292 62 46 75 63 568 636 54 186 2572
internal_value=0 0.0101546 0.00838617 0.0109316 0.0027453 -0.00115891 0.0120318 0.0147024 0.00723678 0.0264247 0.00339373 0.0196391 -0.00203756 0.0107886 0.0102805 0.019457 0.00148831 0.0246071 0.0139424 0.00380714 0.0544688 0.018715 -0.0274666 0.00665233 -0.00075227 0.00999229 -0.00998209 -0.0041662 0.00649998 0.0126333
internal_weight=0 25819.5 23288.3 16047.1 7241.13 1338.43 14708.7 9417.61 5291.08 2531.24 7133.56 1465.58 273.261 5148.56 5104.41 4269.05 1275.62 1192.32 587.611 430.411 51.7579 263.317 161.965 5233.19 1223.86 565.524 658.334 596.925 548.351 481.3
internal_count=92336 92090 89594 55296 34298 11240 44056 16694 27362 2496 33606 1680 510 11576 11540 5118 10029 1170 723 631 419 274 4071 27181 9610 3389 6221 5585 3326 2758
cat_boundaries=0 1
cat_threshold=3125
is_linear=0
shrinkage=0.05


Tree=53
num_leaves=31
num_cat=0
split_feature=8 7 4 5 0 4 5 5 0 5 5 3 3 3 5 3 0 0 5 5 5 5 5 4 3 5 4 5 3 3
split_gain=245.017 124.056 107.771 80.466 101.06 112.111 96.2773 94.1233 69.4706 81.8062 68.68 70.8203 70.1132 82.0109 67.0188 99.6302 97.6559 105.888 74.3925 116.307 65.1793 86.1034 73.7278 73.06 71.9181 83.6194 62.0001 60.5998 58.7819 60.1451
threshold=1.0000000180025095e-35 1.0000000180025095e-35 0.013299500000000002 152.12593933029311 1.4450000000000001 0.0032515000000000005 81.380047581774946 146.9791303986909 1.7650000000000003 137.57788179294599 54.500490844783982 0.016681500000000005 0.030005500000000004 0.031008500000000005 31.783487999943102 0.0061330000000000004 0.9850000000000001 0.99500000000000011 78.411713472047865 136.61091981767547 39.499059982943692 48.324352477285139 73.476410192120639 0.014287500000000002 0.043711500000000007 46.9504345995962 0.00086100000000000011 55.85513870634616 0.020458500000000004 0.020553000000000005
decision_type=2 2 2 2 2 2 2 2 2 2 2 2 2 2 2 2 2 2 2 2 2 2 2 2 2 2 2 2 2 2
left_child=1 2 3 4 5 14 10 8 -6 -10 11 -7 -13 -14 15 -1 18 -18 -16 -20 -4 24 -23 -24 -22 -26 -17 -2 -29 -30
right_child=27 -3 20 -5 7 6 -8 -9 9 -11 -12 12 13 -15 16 26 17 -19 19 -21 21 22 23 -25 25 -27 -28 28 29 -31
leaf_value=0.048573534526830435 0.034789742863028418 0.054946390398088463 -0.05162960027545567 0.013948029399052278 0.01848805666864016 0.13166165772133198 0.0014930145831679727 -0.054832397153159164 0.0034030237650289116 0.041812934085219633 -0.052744014311568166 -0.034442985772855088 0.044861346087193985 -0.05340264139702653 -0.029251609554940133 -0.075529814855805621 0.048390900734499566 0.0092747169824534594 0.015549572672633197 -0.062250595707411066 0.11370722508256673 -0.042434489275599202 -0.054651979920171449 0.0015940140574199537 -0.055979645520389143 0.081066844689000703 -0.0063790808577152691 -0.0019362190622049403 0.036268012955006028 0.013501432391258138
leaf_weight=82.227952413260937 1041.1470917351544 146.60872685536742 67.86523662507534 7456.9506292194128 3140.7699996419251 8.2255094274878484 769.26923616044223 50.292521208524704 1768.6962041072547 150.41329125314951 168.68353094067425 198.15524424705654 73.272685484960675 29.897529637441039 281.67619552090764 33.44755457341671 177.96216268092394 6219.7177390791476 336.12799870409071 56.048401158303022 28.364485953003168 116.08595800027251 60.430513279512525 1294.1743883071467 22.491389727219939 22.034950396046042 1049.4713789280504 272.84522761590779 531.21903429925442 639.12039712816477
leaf_count=234 816 68 3438 19797 4617 17 7564 172 5144 207 3522 3867 1416 1203 2263 218 309 14767 2040 596 345 2490 1226 10225 435 104 3556 510 379 791
internal_value=0 0.00909451 0.00881042 0.0097226 0.00756363 0.00450951 -0.00945896 0.0132319 0.0139084 0.00641346 -0.0270759 -0.0130885 -0.0170399 0.0163856 0.00662514 -0.004486 0.00845587 0.0103628 -0.00964882 0.00443066 -0.00367193 -0.00156342 -0.00419243 -0.000915186 0.051481 0.0118412 -0.0085149 0.0255957 0.0189629 0.0238352
internal_weight=0 23809.4 23662.8 22051.3 14594.4 9484.18 1247.5 5110.17 5059.88 1919.11 478.234 309.551 301.325 103.17 8236.68 1165.15 7071.53 6397.68 673.853 392.176 1611.45 1543.58 1470.69 1354.6 72.8908 44.5263 1082.92 2484.33 1443.18 1170.34
internal_count=92336 89840 89772 71509 51712 41572 17589 10140 9968 5351 10025 6503 6486 2619 23983 4008 19975 15076 4899 2636 18263 14825 13941 11451 884 539 3774 2496 1680 1170
is_linear=0
shrinkage=0.05


Tree=54
num_leaves=31
num_cat=2
split_feature=6 8 3 0 3 2 2 4 3 1 4 1 1 3 4 3 4 1 3 4 4 4 3 0 3 3 4 3 3 4
split_gain=445.284 261.417 103.163 89.1515 77.3966 66.0647 61.4645 89.9541 111.229 70.6086 65.4091 67.2691 59.7305 48.8323 46.961 42.8822 43.4168 51.0182 39.9048 32.0255 61.5948 31.2958 59.8425 45.7572 60.8932 55.8783 30.3625 38.3069 29.8989 27.4505
threshold=1.0000000180025095e-35 1.0000000180025095e-35 0.020517000000000004 1.0550000000000004 0.020200000000000006 0 1 0.0007130000000000002 0.012087000000000002 366.35000000000008 0.0015020000000000001 381.35000000000008 434.50000000000006 0.0019975000000000006 0.0031795000000000005 0.014433000000000003 0.0019440000000000002 361.00000000000006 0.0149785 0.0033100000000000004 0.0034380000000000005 0.0031410000000000001 0.020553000000000005 1.8300000000000003 0.021053000000000006 0.020986500000000002 0.013427500000000002 0.057516000000000005 0.0202845 0.0071155000000000012
decision_type=2 2 2 2 2 9 9 2 2 2 2 2 2 2 2 2 2 2 2 2 2 2 2 2 2 2 2 2 2 2
left_child=1 2 4 -4 6 26 7 -1 10 15 11 -9 -13 -8 -11 -10 17 -17 -18 -16 -21 -3 -23 24 25 -24 -5 -28 -6 -26
right_child=-2 21 3 5 28 -7 13 8 9 14 -12 12 -14 -15 19 16 18 -19 -20 20 -22 22 23 -25 29 -27 27 -29 -30 -31
leaf_value=-0.0400686379026714 0.054140118747551862 0.01497882296767898 -0.028860255850483369 0.0099829314574357425 0.019768104125919995 0.00072549329451079879 -0.073564863352265975 -0.026530135513600634 -0.057067742346361056 -0.0022288826432260837 0.022287993428841947 0.010166222913933438 -0.056744200348357171 0.012095135748135328 0.07690530553071577 0.15555741978673043 -0.0049829751567009341 -0.062059234861020343 -0.038364372366651134 -0.066763329357813053 0.060753989505392493 0.037860237548236364 0.01173725146955356 0.039753514787157489 -0.0032487477508165567 0.045802392608529224 -0.038018673591824974 0.0024498743294554507 0.010949479928063874 -0.071670188575293656
leaf_weight=116.84583241119981 563.33442378044128 612.12934354133904 202.70622333697975 4629.3951833676547 2477.4380479604006 5387.7484036199749 16.697927638888359 153.83861743658781 77.03523282893002 769.86495620943606 834.28558431565762 1277.0860884189606 34.248560976237059 4607.1505445372313 32.368794776499271 7.5954214558005315 210.57099530100822 4.1729836985468864 155.74441779404879 15.770127717405556 23.704196959733963 839.3309833034873 366.31904152035713 221.08872553706169 206.83170979097486 179.30753087997437 66.241752062924206 498.83877640590072 1570.4236938506365 15.777264058589934
leaf_count=1788 246 850 9320 12420 2900 31565 77 1322 2185 4516 1163 5361 363 8866 64 33 467 27 2649 96 49 577 429 137 331 89 579 1667 2117 83
internal_value=0 0.00920044 0.00756087 0.00398561 0.0106743 0.00461478 0.00792007 0.00309786 0.00450898 -0.00720013 0.0111126 0.00474918 0.0084187 0.0117604 0.00137892 -0.0230665 -0.0161386 0.0783923 -0.0191756 0.0400399 0.00981038 0.0247645 0.0280402 0.0197091 0.0139405 0.022932 0.00863076 -0.00229406 0.0163468 -0.00809807
internal_weight=0 25610.6 23169.8 10784.9 12384.8 10582.2 8336.98 3713.13 3596.29 1296.83 2299.46 1465.17 1311.33 4623.85 841.708 455.119 378.084 11.7684 366.315 71.8431 39.4743 2440.78 1828.66 989.324 768.236 545.627 5194.48 565.081 4047.86 222.609
internal_count=92336 92090 89594 55551 34043 46231 29026 20083 18295 10086 8209 7046 5724 8943 4725 5361 3176 60 3116 209 145 2496 1646 1069 932 518 14666 2246 5017 414
cat_boundaries=0 1 2
cat_threshold=432 116
is_linear=0
shrinkage=0.05


Tree=55
num_leaves=31
num_cat=1
split_feature=2 8 5 7 3 5 4 4 5 3 3 5 5 5 4 5 5 5 4 5 5 4 4 5 0 3 3 3 5 5
split_gain=254.365 114.487 149.444 89.7271 86.3588 74.8896 72.9563 70.3711 98.7126 63.501 59.6095 70.8822 58.5582 73.1103 57.2678 61.5099 106.712 90.365 52.7677 108.121 82.3779 51.394 51.0428 135.369 49.0314 74.4016 58.5461 53.1864 51.8913 53.6477
threshold=0 1.0000000180025095e-35 46.9504345995962 1.0000000180025095e-35 0.038022500000000008 30.420140446427101 0.014287500000000002 0.0031410000000000001 97.625302707164806 0.020851000000000005 0.020553000000000005 114.05647022663065 234.91122439578035 508.42848115258965 0.012883500000000001 361.5502871447116 258.32362617536347 428.57269638143396 0.0030355000000000004 19.782931750250935 7.6834205258396162 0.00079750000000000014 0.0012805000000000002 285.38423697385775 1.0550000000000004 0.0069770000000000014 0.039514500000000008 0.011295500000000002 44.922355512223056 22.218741447715839
decision_type=9 2 2 2 2 2 2 2 2 2 2 2 2 2 2 2 2 2 2 2 2 2 2 2 2 2 2 2 2 2
left_child=24 2 4 12 5 9 -6 8 -3 18 -9 -12 21 14 22 16 -16 -17 19 20 -2 -4 23 -14 25 28 27 -26 29 -1
right_child=1 7 3 -5 6 -7 -8 10 -10 -11 11 -13 13 -15 15 17 -18 -19 -20 -21 -22 -23 -24 -25 26 -27 -28 -29 -30 -31
leaf_value=-0.036379967349333235 -0.059817056588533792 0.019671444883850892 -0.097544104217283073 0.059449226275225253 0.013535904761765881 0.0038470956507721484 -0.052710043106589569 0.037270184932611479 -0.031586479180973452 -0.059821522150778274 0.026651542742831449 -0.0055136157741924978 -0.09948391449697902 -0.002716286048476822 0.021932294484459752 0.067043781307343925 -0.067437921645751797 -0.073734651448744332 0.00013243045684085473 -0.063132947415521987 0.0052184688670285197 0.010759329732885714 0.026568296240657548 0.02286116270584192 -0.056743978976826474 -0.01913251186793705 -0.0044310909935708102 0.0080298065758076399 -0.0038635271965907626 0.038198844658039896
leaf_weight=28.655326742678881 61.585713691078126 337.96952543966472 10.963886514306067 100.89996379613876 1046.3527658116072 821.44143488258123 43.279888165183365 799.22040073573589 130.07755245268345 79.056053645908833 680.14629645645618 228.93061944842339 29.757552869617939 340.0119589464739 66.49718956835568 51.631100192666054 67.111685361713171 14.628737881779669 399.50191740505397 130.14823770243675 232.55153391882777 12010.066475654021 1955.0793651025742 94.120870437473059 32.065256528556347 735.49099154397845 1746.3520259354264 2718.4747683797032 658.47663826867938 152.13749257102609
leaf_count=184 254 350 93 38 2163 2590 1468 564 289 861 610 369 156 920 220 92 435 79 975 676 708 31190 3270 157 309 15068 11902 12816 3168 475
internal_value=0 0.0117798 0.0104448 0.0124604 -0.000114108 -0.00707722 0.0109046 0.0226028 0.00542607 -0.0170166 0.0273089 0.0185515 0.0121365 0.0189116 0.0221385 -0.00342493 -0.0229583 0.035963 -0.0129087 -0.0251881 -0.00839851 0.0106606 0.0245962 -0.00652806 6.97566e-05 -0.00752294 0.00272879 0.00727469 0.00265106 0.0263782
internal_weight=0 19731 17554.7 14740.8 2813.92 1724.28 1089.63 2176.34 468.047 902.843 1708.3 909.077 14639.9 2618.84 2278.83 199.869 133.609 66.2598 823.787 424.285 294.137 12021 2078.96 123.878 6071.65 1574.76 4496.89 2750.54 839.269 180.793
internal_count=92449 48527 46345 36650 9695 6064 3631 2182 639 3474 1543 979 36612 5329 4409 826 655 171 2613 1638 962 31283 3583 313 43922 18895 25027 13125 3827 659
cat_boundaries=0 1
cat_threshold=3281
is_linear=0
shrinkage=0.05


Tree=56
num_leaves=31
num_cat=1
split_feature=2 8 5 7 3 3 5 3 3 0 5 5 5 5 5 5 3 5 5 3 3 5 5 5 5 3 3 0 3 5
split_gain=231.247 108.127 135.276 85.1168 78.7813 101.08 56.655 84.3669 78.1319 63.3454 104.208 53.9782 66.9095 53.4713 51.5664 53.8644 71.2323 58.7672 55.103 48.7379 48.5023 54.7438 100.761 65.6107 55.5636 45.7266 58.7638 44.5312 68.4193 54.767
threshold=0 1.0000000180025095e-35 46.9504345995962 1.0000000180025095e-35 0.030005500000000004 0.021115500000000002 50.373323157001131 0.020458500000000004 0.020553000000000005 1.8650000000000002 249.56083018496517 234.91122439578035 508.42848115258965 5.6198280268877818 97.625302707164806 135.60650074463726 0.020232000000000003 179.40304736341162 336.2232817257082 0.020232000000000003 0.050257500000000004 72.037096372817814 88.942185493459746 88.047909932636784 74.204963774787842 0.044034500000000011 0.043168000000000005 1.0550000000000004 0.0069770000000000014 920.34553611384729
decision_type=9 2 2 2 2 2 2 2 2 2 2 2 2 2 2 2 2 2 2 2 2 2 2 2 2 2 2 2 2 2
left_child=27 2 4 11 5 13 -3 14 -9 10 -10 20 -13 -2 -8 16 -16 -17 -19 -15 25 -22 23 24 -23 26 -4 28 -1 -29
right_child=1 6 3 -5 -6 -7 7 8 9 -11 -12 12 -14 19 15 17 -18 18 -20 -21 21 22 -24 -25 -26 -27 -28 29 -30 -31
leaf_value=0.0025203043304306018 -0.044991710821869445 0.031993313667125947 0.010306711093025091 0.058399602767496367 0.0099411031951971568 -0.058493840183456408 0.0095301500515059118 0.035327724978917917 0.0038881173028257384 0.039250280443712003 -0.13727037111011295 0.021207294307014353 -0.0025796209796289452 -0.010710954731445302 0.018710952651530138 0.020838884077360714 -0.15571888238318399 -0.12649810079494522 0.015020890431055561 0.0074169557094539472 -0.060160569425556844 0.10526234763764034 -0.01217280868886155 0.14272941412862258 0.004449489389363695 0.024832273335261001 -0.053782177042536988 0.0030136550432303304 -0.018457441506652739 -0.070063436675355806
leaf_weight=838.50164383277297 76.154051347635686 839.17133980244398 10917.502656085417 97.660262487828732 1149.323849231936 90.450745793059468 110.5249218903482 504.15557186305523 443.55736964941025 130.27992252260447 13.471592023968695 2260.1144007705152 340.12114104256034 774.65514765307307 8.5729496926069277 41.478690445423126 18.44750665128231 17.832987025380138 11.197281837463377 711.16235576197505 41.562109369784594 17.831388458609581 356.50800726562738 14.887892499566076 58.535040482878685 553.05803867802024 35.884737199172378 4466.9793130839244 724.5555232539773 25.786753255873919
leaf_count=3827 273 662 25282 38 4008 1047 137 379 623 81 61 4409 920 2744 10 53 85 75 16 1623 334 21 1297 8 191 3519 631 24816 15068 211
internal_value=0 0.011248 0.00995645 0.0118763 -0.000112145 -0.00710457 0.0218663 0.0153267 0.0208889 0.00849447 -0.000272734 0.011565 0.0180959 -0.00412872 -0.013853 -0.0403519 -0.100376 -0.0173492 -0.0719127 -0.00203433 0.0101494 -0.00526795 -0.000172723 0.0467086 0.0279891 0.010805 0.0100967 6.51295e-05 -0.00720393 0.00259422
internal_weight=0 19634.1 17495.4 14693.7 2801.75 1652.42 2138.69 1299.52 1091.46 587.309 457.029 14596 2600.24 1561.97 208.054 97.5294 27.0205 70.509 29.0303 1485.82 11995.8 489.324 447.762 91.2543 76.3664 11506.4 10953.4 6055.82 1563.06 4492.77
internal_count=92449 48527 46345 36650 9695 5687 2182 1520 1144 765 684 36612 5329 4640 376 239 95 144 91 4367 31283 1851 1517 220 212 29432 25913 43922 18895 25027
cat_boundaries=0 1
cat_threshold=3281
is_linear=0
shrinkage=0.05


Tree=57
num_leaves=31
num_cat=2
split_feature=2 7 4 4 3 3 5 5 5 4 4 3 5 0 5 5 3 4 0 5 5 2 5 5 5 5 5 5 4 5
split_gain=210.2 89.5795 70.1428 98.5408 72.0986 85.6536 120.649 81.9705 77.5694 69.7027 65.889 84.5161 95.1766 83.2066 81.8238 81.0063 64.3298 74.328 61.3223 61.6571 81.391 58.3694 56.3152 49.2785 45.9582 113.57 47.5042 51.97 53.6989 81.2725
threshold=0 1.0000000180025095e-35 0.0012695000000000002 0.00095050000000000006 0.050257500000000004 0.050114500000000006 24.687498797708372 72.037096372817814 88.942185493459746 0.00079750000000000014 0.0013060000000000001 0.014443500000000003 123.88608065021381 1.0550000000000004 42.193346262451577 9.5760702461192277 0.014840500000000001 0.0026650000000000003 1.0150000000000003 160.22630656363194 153.42444099399469 1 88.047909932636784 74.204963774787842 361.5502871447116 461.15276658289253 273.53725984969304 268.57277233437998 0.020566500000000005 185.09669559927607
decision_type=9 2 2 2 2 2 2 2 2 2 2 2 2 2 2 2 2 2 2 2 2 9 2 2 2 2 2 2 2 2
left_child=-1 2 3 9 5 10 -7 -6 22 -2 14 12 15 -14 -4 -12 -13 21 -5 20 -20 -18 23 -9 26 -26 27 28 -10 -30
right_child=1 -3 4 18 7 6 -8 8 24 -11 11 16 13 -15 -16 -17 17 -19 19 -21 -22 -23 -24 -25 25 -27 -28 -29 29 -31
leaf_value=6.0874594393572631e-05 -0.090605409174848273 0.056446763453303177 -0.095648250590699313 -0.026729930819217786 -0.057806587751187279 0.32844104426123044 0.051373744080936867 0.096788542851033166 -0.034834024943507833 0.015022758739726786 0.13265645255908795 0.039182572487390571 0.017872451818843001 -0.065075810226900441 0.034519002135869413 -0.028452618541538036 -0.0011074741581253895 0.01209852654117805 0.0052223126358179849 -0.045491214043752379 0.10034953573279291 -0.052677573647291892 0.12943183875709505 0.0031765691036174104 0.081457871113629343 -0.081114780698333791 -0.075163436425797051 0.11140484240659516 -0.017739782447571049 0.041692313630155652
leaf_weight=6046.9270334905013 16.000436723232269 106.61208632215858 12.425406128168104 402.02848064154387 66.184847934171557 4.2036661878228179 60.158378392457962 18.406952179968357 146.52311236411333 653.72262884676456 7.9889627173542967 213.93274560570717 372.31004286557436 32.905177822336555 425.71943286806345 333.81255876552314 303.0756930494681 15681.092314557172 143.93162909150124 45.383921049535275 26.648961514234543 57.76712928712368 15.577124893665312 59.507244177162647 38.900980517268181 14.841024205088614 28.233535915613174 8.8991974294185621 162.99951314926147 88.893839240074158
leaf_count=43922 137 44 52 1687 768 6 99 21 742 1008 12 191 652 699 395 2235 2684 34837 406 193 33 475 8 196 42 66 134 12 541 152
internal_value=0 0.0107342 0.010489 -0.000787367 0.0112889 0.0118956 0.0694698 -0.00507616 0.000912278 0.0124992 0.0116831 0.0111898 -0.00525462 0.0111367 0.0308276 -0.024687 0.0119455 0.0115822 -0.0151861 0.00630334 0.0200836 -0.0108538 0.0426434 0.0252921 -0.00706149 0.0365629 -0.0124443 -0.00809682 -0.0107661 0.00323396
internal_weight=0 19548.7 19442.1 1287.72 18154.4 17505.4 64.362 648.967 582.783 669.723 17441 17002.9 747.017 405.215 438.145 341.802 16255.9 16041.9 617.993 215.965 170.581 360.843 93.4913 77.9142 489.291 53.742 435.549 407.316 398.416 251.893
internal_count=92449 48527 48483 3464 45019 42337 105 2682 1914 1145 42232 41785 3598 1351 447 2247 38187 37996 2319 632 439 3159 225 217 1689 108 1581 1447 1435 693
cat_boundaries=0 1 2
cat_threshold=3281 32
is_linear=0
shrinkage=0.05


Tree=58
num_leaves=31
num_cat=2
split_feature=6 8 5 2 4 5 4 7 5 3 3 5 5 3 3 4 5 5 5 5 4 4 4 4 4 2 5 5 4 4
split_gain=473.498 163.85 148.043 98.9406 84.4632 112.291 77.2231 61.792 66.5683 69.714 205.125 90.3969 57.7063 57.368 56.0548 53.8027 85.0331 60.7706 53.5978 52.7877 52.3499 49.3515 64.0589 50.4021 48.852 47.9387 58.1219 82.3234 53.554 51.255
threshold=1.0000000180025095e-35 1.0000000180025095e-35 75.594534593981066 0 0.0031410000000000001 96.854130771787808 0.015211500000000001 1.0000000180025095e-35 125.92291271453382 0.020607500000000004 0.021085500000000004 920.34553611384729 74.204963774787842 0.014180500000000002 0.020553000000000005 0.014911000000000002 44.287720074426694 44.922355512223056 78.411713472047865 122.81197263166008 0.0033100000000000004 0.0012695000000000002 0.0011530000000000002 0.0013420000000000001 0.0032610000000000004 1 29.723105570781872 29.073699082530222 0.0030445000000000003 0.0012695000000000002
decision_type=2 2 2 9 2 2 2 2 2 2 2 2 2 2 2 2 2 2 2 2 2 2 2 2 2 9 2 2 2 2
left_child=1 2 6 -4 5 -3 12 8 13 11 24 20 15 18 -6 25 -17 -18 -5 -16 21 22 -10 -23 -11 -1 27 -27 29 -28
right_child=-2 4 3 7 14 -7 -8 -9 9 10 -12 -13 -14 -15 19 16 17 -19 -20 -21 -22 23 -24 -25 -26 26 28 -29 -30 -31
leaf_value=-0.0085675828058949886 0.05379368383324639 0.016852319411590908 0.0014335258316423684 0.036166933400920177 0.035576001554347397 -0.034249321305747052 -0.036029536932927826 0.056613950699726238 0.0098316541493902662 -0.018002332745316173 0.010999299007653521 -0.062477464269496408 -0.03545368983435556 0.0072326117090174852 0.024047748509396089 -0.052537293380164801 0.22703661538185102 0.054638391941645187 -0.016466387552783446 -0.0036290393730115237 -0.06985501826502577 0.03770900931751274 -0.041835199589020933 0.017711410889922029 -0.061549653472031535 -0.0045054364190375527 -0.0048045568936963857 -0.094761832577809221 0.00076918298037314777 0.017086750106214337
leaf_weight=1207.3269329154864 548.28514099121094 383.55424404516816 3983.8359722793102 54.137610793113708 746.57251992821693 149.36635941267014 149.3707227408886 72.440233189612627 566.07652338594198 171.91677457094193 2728.15413043648 35.966948954388499 110.98341964371502 3188.9140440924093 689.51622640714049 18.197747905738652 5.642556518316268 54.336905394680798 453.9190364703536 229.66721286997199 17.256628822535276 342.51265253126621 67.103889621794224 3935.3353829439729 102.97924806550145 1452.8655757773668 337.61942306905985 25.711401488631964 2395.9873804207891 1285.2656910587102
leaf_count=11916 258 477 26084 115 564 391 4143 32 1191 540 7889 160 624 8938 672 747 11 444 1832 373 121 314 374 6837 818 5324 848 172 7550 2690
internal_value=0 0.00682118 0.00556223 0.00826119 0.0198556 0.00252961 -0.000461799 0.0105685 0.0102916 0.0128646 0.00685122 0.0165023 0.000308846 0.00474652 0.0253986 0.000893997 0.0421336 0.0708567 -0.0108579 0.0171324 0.0170787 0.0173842 0.00435605 0.0193126 -0.0343157 0.000413146 0.00239668 -0.00607493 0.00551942 0.0125326
internal_weight=0 24962.5 22763.9 15720.5 2198.68 532.921 7043.31 11736.7 11664.3 7967.3 3003.05 4964.25 6893.94 3696.97 1665.76 6782.95 78.1772 59.9795 508.057 919.183 4928.29 4911.03 633.18 4277.85 274.896 6704.78 5497.45 1478.58 4018.87 1622.89
internal_count=92449 92191 89714 55245 2477 868 34469 29161 29129 18244 9247 8997 30326 10885 1609 29702 1202 455 1947 1045 8837 8716 1565 7151 1358 28500 16584 5496 11088 3538
cat_boundaries=0 1 2
cat_threshold=3281 2132
is_linear=0
shrinkage=0.05


Tree=59
num_leaves=31
num_cat=3
split_feature=2 8 5 2 7 4 5 3 4 4 4 4 3 5 3 4 5 5 3 5 5 5 3 5 3 5 5 2 4 5
split_gain=195.07 89.3337 87.9712 107.113 65.589 59.2025 73.0003 57.2346 56.6318 104.462 69.3135 56.1554 64.1029 74.4452 60.8863 118.831 69.9836 66.6983 73.8762 70.6724 65.5897 90.6794 55.7825 59.8806 55.6809 69.0595 70.3719 55.483 150.998 54.4965
threshold=0 1.0000000180025095e-35 30.420140446427101 1 1.0000000180025095e-35 0.0031410000000000001 110.27010914607892 0.020851000000000005 0.0012695000000000002 0.0030445000000000003 0.0012365000000000004 0.0040715000000000013 0.020553000000000005 42.898547947430664 0.021085500000000004 0.0032515000000000005 268.57277233437998 253.81459465155189 0.020706500000000006 62.860149857790468 138.63475476661208 170.83321317771095 0.020553000000000005 114.05647022663065 0.050257500000000004 72.037096372817814 88.942185493459746 2 0.0021115000000000001 52.411728613298166
decision_type=9 2 2 9 2 2 2 2 2 2 2 2 2 2 2 2 2 2 2 2 2 2 2 2 2 2 2 9 2 2
left_child=-1 2 3 -2 8 6 -3 -5 10 27 -4 12 -11 -14 15 16 17 18 19 29 -21 -22 -7 -24 -13 -26 -27 28 -10 -15
right_child=1 5 4 7 -6 22 -8 -9 9 11 -12 24 13 14 -16 -17 -18 -19 -20 20 21 -23 23 -25 25 26 -28 -29 -30 -31
leaf_value=0.00042756522922648933 0.013358038483431034 0.015272067589367055 0.0022101019204702559 -0.010047454704070388 0.054192351874994153 0.034831123611447447 -0.031825597742456711 -0.055334837249097137 -0.042740992437919546 0.00860375981813454 -0.066196758876904252 0.012074664259006784 -0.066620648059809842 -0.076526520101414627 0.0085126826840534481 -0.040115455369146992 -0.085127073881487589 0.083358186581765178 0.023120551862895047 -0.081688198350279892 0.04049578968757428 -0.090048444076747475 0.023843723067907822 -0.0060581043776296193 -0.057901333458820342 0.040968930793438399 -0.0063911219662541666 0.030741070098979612 0.015942786106329217 0.058605590015946778
leaf_weight=7090.1653380747885 603.73197532817721 349.14633481018245 1378.8952864035964 789.41719862818718 83.964402932673693 724.9651739820838 107.63921941816807 76.529439016245306 112.40222412999719 1430.5038474388421 38.052289165556431 4847.7322451844811 50.156725235283375 9.4467617869377118 513.71119493246078 268.31497517973185 21.35884054005146 27.179463118314743 190.13436317443848 57.240454778075218 37.180968403816223 20.713221043348312 641.87716013938189 226.51360063254833 53.818873276934028 93.713043726980686 481.14290022850037 607.21874314546585 4422.734133252874 35.491800099611282
leaf_count=46739 1416 391 3238 2392 38 564 249 1706 3194 1955 237 15064 470 42 2095 1703 92 16 272 246 57 85 610 369 551 220 1653 556 6169 60
internal_value=0 0.0102018 0.00896663 -0.00269999 0.0101266 0.0200427 0.00417374 -0.0138894 0.00987489 0.0108887 0.000373028 0.00736359 0.00140558 -0.00695968 -0.0044254 -0.0143892 0.00292198 0.00790526 0.00204939 -0.0229789 -0.0437348 -0.00620996 0.024592 0.016044 0.0102591 -0.00374105 0.00132952 0.0164673 0.0144564 0.0301988
internal_weight=0 18300.9 16250.8 1469.68 14781.1 2050.14 456.786 865.947 14697.1 13280.2 1416.95 8137.84 2661.43 1230.93 1180.77 667.061 398.746 377.387 350.208 160.073 115.135 57.8942 1593.36 868.391 5476.41 628.675 574.856 5142.36 4535.14 44.9386
internal_count=92449 45710 43527 5514 38013 2183 640 4098 37975 34500 3475 24581 7093 5138 4668 2573 870 778 762 490 388 142 1543 979 17488 2424 1873 9919 9363 102
cat_boundaries=0 1 2 3
cat_threshold=3284 257 544
is_linear=0
shrinkage=0.05


Tree=60
num_leaves=31
num_cat=0
split_feature=6 8 3 3 4 3 4 3 3 3 3 3 4 3 0 3 0 4 1 3 3 3 3 3 3 1 0 3 3 4
split_gain=436.147 153.816 71.2389 144.996 68.2666 147.38 59.0661 75.3167 51.0957 72.0333 45.08 74.0486 72.6321 105.977 54.5034 54.4701 82.6712 50.3455 58.2957 49.6578 38.1209 44.7073 51.0093 34.333 67.14 47.7178 55.9369 52.0072 57.4212 159.386
threshold=1.0000000180025095e-35 1.0000000180025095e-35 0.020607500000000004 0.021085500000000004 0.0012805000000000002 0.010738500000000002 0.0032515000000000005 0.020684500000000005 0.021115500000000002 0.021173500000000001 0.010317000000000002 0.0073745000000000008 0.00079750000000000014 0.006660000000000001 0.96500000000000008 0.0021455000000000003 0.92500000000000016 0.0011530000000000002 406.7000000000001 0.0019975000000000006 0.010638500000000002 0.010738500000000002 0.011295500000000002 0.011827500000000003 0.019384500000000002 350.80000000000001 1.2650000000000003 0.017377500000000001 0.014443500000000003 0.0016850000000000001
decision_type=2 2 2 2 2 2 2 2 2 2 2 2 2 2 2 2 2 2 2 2 2 2 2 2 2 2 2 2 2 2
left_child=1 2 4 6 5 10 7 -4 -5 -10 11 12 13 15 -12 19 -17 -13 -19 -1 -6 -22 -23 -24 25 26 -25 28 29 -27
right_child=-2 -3 3 8 20 -7 -8 -9 9 -11 14 17 -14 -15 -16 16 -18 18 -20 -21 21 22 23 24 -26 27 -28 -29 -30 -31
leaf_value=-0.071856093825975131 0.053549618582684547 0.019629988854483308 -0.070015079307602188 0.037439480753910265 -0.078459592818157176 -0.061519678150931512 -0.036338683147214161 0.004487789001656921 -0.056617417482342502 0.004000279644900611 0.084436035638990478 -0.017037881003294099 0.020550128152836633 -0.070802355565910635 0.014435514945734177 -0.033015138654928708 0.014585638229783896 -0.010938517376541773 0.041200954761969083 0.022075156003121623 0.027526519058397092 -0.027669654930624916 0.018786070117910079 -0.043460212712281329 0.011017605067848581 0.0065444245327131254 -0.0028551601539426618 -0.053241904529054945 0.019120227036450149 -0.064366415022792778
leaf_weight=14.744475007057188 511.71033644676208 2171.6654545217752 39.003149427473545 113.44571754336357 12.142913669347761 90.908881194889545 310.6533342897892 260.40530370920897 49.268890082836151 9285.3873919676989 31.510680645704269 672.48265521228313 641.80545726418495 52.644817788153887 236.61400794237852 192.04252427816391 173.73378179967403 130.73829047381878 90.87204447388649 307.77808508276939 358.37435987591743 91.224666386842728 975.47388228774071 122.24010614864528 6974.2436089031398 581.26256360113621 277.03962931782007 37.629692072048783 510.03472460061312 91.752456475049257
leaf_count=70 255 2493 196 91 88 817 2282 549 529 50594 62 3790 788 359 544 2109 777 1033 324 395 331 456 1408 2576 10008 2014 751 970 3579 2202
internal_value=0 0.00691674 0.00570185 0.00256022 0.00819638 0.00103576 -0.0210649 -0.0052175 0.00408569 0.00368034 0.00327031 0.000986689 0.00823742 -0.00242785 0.0226622 0.0028018 -0.0104061 -0.0102268 0.0104414 0.017781 0.0100779 0.0101852 0.00954195 0.00989667 0.00888769 -0.000281994 -0.0152865 0.00462591 0.00646653 -0.00312288
internal_weight=0 24897.1 22725.5 10058.2 12667.3 2635.88 610.062 299.408 9448.1 9334.66 2544.97 2276.84 1382.75 740.944 268.125 688.299 365.776 894.093 221.61 322.523 10031.4 10019.3 9660.9 9569.68 8594.2 1619.96 399.28 1220.68 1183.05 673.015
internal_count=92440 92185 89692 54241 35451 11068 3027 745 51214 51123 10251 9645 4498 3710 606 3351 2886 5147 1357 465 24383 24295 23964 23508 22100 12092 3327 8765 7795 4216
is_linear=0
shrinkage=0.05


Tree=61
num_leaves=31
num_cat=0
split_feature=6 8 7 3 3 4 3 3 3 3 4 3 3 4 3 3 1 1 3 4 1 3 3 3 3 3 1 1 1 3
split_gain=419.031 141.95 126.342 79.0407 148.521 60.0476 138.619 48.725 66.4139 40.1967 63.0465 40.1088 66.8753 66.4397 99.2576 49.5522 76.296 46.5574 45.7393 45.384 51.485 35.3092 41.8589 46.1271 34.2521 70.1537 42.3869 50.1968 49.6807 39.9761
threshold=1.0000000180025095e-35 1.0000000180025095e-35 1.0000000180025095e-35 0.020607500000000004 0.021085500000000004 0.0012805000000000002 0.010738500000000002 0.021115500000000002 0.021173500000000001 0.020684500000000005 0.0032515000000000005 0.010317000000000002 0.0073745000000000008 0.00079750000000000014 0.006660000000000001 0.0021455000000000003 443.80000000000007 430.00000000000006 0.0019975000000000006 0.0011530000000000002 406.7000000000001 0.010638500000000002 0.010738500000000002 0.011295500000000002 0.011827500000000003 0.019384500000000002 350.80000000000001 351.60000000000008 312.90000000000003 0.017377500000000001
decision_type=2 2 2 2 2 2 2 2 2 2 2 2 2 2 2 2 2 2 2 2 2 2 2 2 2 2 2 2 2 2
left_child=1 2 3 5 9 6 11 -6 -9 -5 -11 12 13 14 15 18 -17 -13 -1 -14 -21 -7 -23 -24 -25 26 28 -28 -26 -29
right_child=-2 -3 -4 4 7 21 -8 8 -10 10 -12 17 19 -15 -16 16 -18 -19 -20 20 -22 22 23 24 25 -27 27 29 -30 -31
leaf_value=-0.070347199369899374 0.05336455248953316 0.018893221765683869 0.051583227302901262 -0.064297243274343927 0.036156494600848792 -0.07707173475989694 -0.060909853901510186 -0.056259843813484922 0.0032295990363943811 0.00035224333872322847 -0.034333036613079869 0.013683432797336224 -0.016207737090866991 0.019728900580302636 -0.069765128454043313 0.013755394489301393 -0.032153983618984028 0.077382941229068983 0.021083146570049664 -0.010470819541095149 0.038299824513174492 0.02654765707962306 -0.026520150620986345 0.018257088689047171 -0.0037179465254497906 0.010518072298067076 0.027211569755247297 0.0010117435273977822 -0.042593208144811621 -0.052969593115588888
leaf_weight=14.318495124578474 488.39930248260498 2144.2478932514787 147.33672725409269 52.85812845826149 111.64418502151966 11.75341025739908 87.319017883390188 47.156341068446636 9198.0965708866715 240.1999553591013 288.20920057967305 237.12448352575302 667.06165280565619 637.30908991396427 50.802890226244926 174.976023837924 187.4448869228363 32.632740303874016 306.18810653686523 129.77424406260252 92.81530936807394 353.14439669251442 90.440229780972004 970.64572533220053 272.55985496193171 6930.0697424206883 188.60163854062557 977.10786883533001 117.6599924871698 35.544358367100358
leaf_count=70 255 2493 75 465 91 88 817 529 50566 541 2011 544 3787 787 359 777 2109 62 395 1033 324 331 456 1400 750 9994 177 7614 2572 968
internal_value=0 0.00659734 0.00543335 0.00513119 0.0017992 0.00776653 0.00102865 0.00332266 0.00292617 -0.0227247 -0.0185661 0.00316598 0.00099149 0.00791884 -0.00233923 0.00267658 -0.00998904 0.0213892 0.0169985 -0.00968424 0.00986555 0.00953966 0.00964212 0.0090191 0.00935772 0.00834403 -0.00112281 0.00352795 -0.0154397 -0.000883016
internal_weight=0 24795 22650.8 22503.5 9938.16 12565.3 2617.77 9356.9 9245.25 581.267 528.409 2530.45 2260.69 1371.04 733.73 682.928 362.421 269.757 320.507 889.651 222.59 9947.53 9935.77 9582.63 9492.19 8521.54 1591.47 1201.25 390.22 1012.65
internal_count=92440 92185 89692 89617 54203 35414 11064 51186 51095 3017 2552 10247 9641 4497 3710 3351 2886 606 465 5144 1357 24350 24262 23931 23475 22075 12081 8759 3322 8582
is_linear=0
shrinkage=0.05


Tree=62
num_leaves=31
num_cat=1
split_feature=6 8 7 5 5 4 4 5 3 5 5 5 3 4 4 5 5 5 3 3 3 5 3 3 2 4 3 5 5 5
split_gain=402.395 130.844 118.246 112.778 69.6833 61.3471 83.6707 70.2594 69.5505 68.3051 69.3158 65.2718 122.981 103.059 75.555 62.6883 97.6888 71.2445 60.0623 53.6139 89.7342 52.981 69.3989 61.8458 50.1661 66.6756 48.3194 47.9522 130.573 45.2202
threshold=1.0000000180025095e-35 1.0000000180025095e-35 1.0000000180025095e-35 47.621826425365313 40.194077114622544 0.0030375000000000007 0.0011325 461.15276658289253 0.0073745000000000008 186.94015580656645 920.34553611384729 48.99744357809945 0.058783000000000009 0.0034880000000000002 0.0034170000000000003 190.94295820371437 152.12593933029311 153.42444099399469 0.0070585000000000014 0.020458500000000004 0.020553000000000005 179.40304736341162 0.010676500000000002 0.008794500000000002 0 0.014199500000000002 0.0085970000000000022 100.82870007891545 99.980917277838543 45.598235153243387
decision_type=2 2 2 2 2 2 2 2 2 2 2 2 2 2 2 2 2 2 2 2 2 2 2 2 9 2 2 2 2 2
left_child=1 2 3 24 -3 6 7 8 18 -8 -11 12 13 14 -7 16 27 -18 -5 -6 -21 22 -19 -23 -1 29 -9 28 -10 -26
right_child=-2 4 -4 5 19 11 9 26 15 10 -12 -13 -14 -15 -16 -17 17 21 -20 20 -22 23 -24 -25 25 -27 -28 -29 -30 -31
leaf_value=0.023810745941678074 0.05318972296579344 0.030970499203094644 0.050479974825900886 -0.0053682276147382297 -0.0075499331088199721 0.020920990438830306 0.0085431911412042552 0.017798173608876415 -0.012635751135386404 0.020118643637846212 -0.050735273537179826 0.0032901132337802268 0.14558132249881581 -0.038689808934340139 0.16851911914124043 -0.050808350031767063 0.13169336777610352 -0.037891701415358685 0.018885082574019267 0.03252576322854081 0.0040718637699169559 -0.0063318043467187656 0.11501452394251444 0.13452857705425678 -0.0020364408472895667 -0.053829102642742072 0.096364173060028632 -0.043884211391059726 0.23670673759436964 -0.0279708807616194
leaf_weight=156.66013738326728 466.06822299957275 708.34736500680447 143.13634222000837 628.15820082649589 286.71739827096462 23.735365221276879 5050.0901776133105 63.619899868965149 183.38635139539838 2216.3221640447155 35.064020613208413 9592.7352754632011 22.863408759236336 42.949268085882068 13.660626873373984 112.13903394341469 15.745391387492417 46.346722293645144 430.02131114900112 497.39321849495173 625.58284294605255 14.7561461776495 8.8352955058217031 16.51218356192112 3334.9949462423101 66.640138931106776 28.264477409422398 142.95302224159241 5.4052741788327685 177.00173382088542
leaf_count=2232 255 616 75 3052 567 43 12722 141 1098 4008 166 44961 34 376 10 713 13 287 501 419 891 49 23 49 14788 2511 43 929 17 851
internal_value=0 0.00629409 0.00517911 0.00489001 0.0181765 0.00647488 0.00944827 -0.000555569 -0.00299099 0.0117722 0.0190151 0.00371564 0.043266 0.0141507 0.0748381 -0.0174832 -0.00887131 0.0338715 0.00448779 0.0117477 0.0166748 0.016055 -0.0134096 0.0680538 -0.0030416 -0.0042717 0.0419658 -0.0220385 -0.00549685 -0.00334352
internal_weight=0 24690 22572 22428.9 2118.04 18693.6 8997.62 1696.14 1604.26 7301.48 2251.39 9695.94 103.209 80.3453 37.396 546.079 433.94 102.196 1058.18 1409.69 1122.98 86.4503 55.182 31.2683 3735.3 3578.64 91.8844 331.745 188.792 3512
internal_count=92440 92185 89692 89617 2493 69235 23811 6915 6731 16896 4174 45424 463 429 53 3178 2465 421 3553 1877 1310 408 310 98 20382 18150 184 2044 1115 15639
cat_boundaries=0 1
cat_threshold=65
is_linear=0
shrinkage=0.05


Tree=63
num_leaves=31
num_cat=0
split_feature=6 8 7 5 5 5 4 4 5 3 4 4 5 0 5 5 3 4 5 5 3 5 5 5 3 5 5 4 5 3
split_gain=386.423 121.273 110.704 101.89 65.4599 58.7132 57.0631 77.3081 56.6832 100.421 91.2853 68.888 54.0935 50.6097 90.2186 62.3245 51.0607 76.5972 60.2912 83.3681 70.1745 86.3806 75.033 62.9893 61.9014 61.1623 72.0711 59.7568 51.4847 49.2188
threshold=1.0000000180025095e-35 1.0000000180025095e-35 1.0000000180025095e-35 47.621826425365313 40.194077114622544 1414.8047806152824 0.0030375000000000007 0.0030275000000000002 48.99744357809945 0.058783000000000009 0.0034880000000000002 0.0034380000000000005 179.40304736341162 0.9850000000000001 136.61091981767547 135.60650074463726 0.0021455000000000003 0.0007130000000000002 82.892863997394997 53.768713629138979 0.0094255000000000016 129.99499425584153 130.99073196610962 107.56147037233269 0.0093960000000000033 106.65889651268704 96.044568848235642 0.0010680000000000002 95.211148834696615 0.020458500000000004
decision_type=2 2 2 2 2 2 2 2 2 2 2 2 2 2 2 2 2 2 2 2 2 2 2 2 2 2 2 2 2 2
left_child=1 2 3 -1 -3 6 7 12 9 10 11 -8 13 14 15 16 -5 -18 19 27 23 -22 -23 24 25 26 28 -19 -20 -6
right_child=-2 4 -4 5 29 -7 8 -9 -10 -11 -12 -13 -14 -15 -16 -17 17 18 20 -21 21 22 -24 -25 -26 -27 -28 -29 -30 -31
leaf_value=-0.0028895725445409418 0.053024508824819044 0.030080163287853304 0.049404036940156902 0.018754659053432588 -0.0071544530818870222 -0.043904428101320593 0.018184632296397021 0.017608105007091684 0.0032482075390243437 0.1287771579135156 -0.036877724270065949 0.15732508887165142 0.013053130987804083 0.0056262282087013275 -0.050002077940712278 0.092431748678025116 -0.056213183731929711 -0.057600165447194054 0.051715417590504992 -0.057756443615497768 -0.056912975317426479 0.22627607005691974 -0.05729752806823224 -0.0095345824611213197 0.23807076777173913 0.21336769595402019 -0.061291420421009074 0.088437657783910106 0.21490939771496853 0.016065474140987326
leaf_weight=3732.6876152893528 444.68425214290619 693.23767690360546 139.04552895575762 165.08217941224575 287.41955340653658 58.379657442681491 24.158647367730737 2091.4546327143908 9550.3672897191718 24.507742777466774 42.810333750210702 14.080203890800474 2216.3519259439781 4012.5367324575782 113.40892452374101 17.342052366584539 85.014101389795542 10.572033040225508 28.164437092840672 76.036131259053946 42.17770529165864 5.6460859477519971 3.9750000424683094 31.725340895354748 5.4781435951590529 5.8761213719844809 12.354179345071314 20.759861301630735 5.8340275287628165 1107.9812466800213
leaf_count=20382 255 616 75 233 567 365 50 2454 44697 34 376 3 5497 11341 1064 38 1167 97 118 772 465 8 44 213 15 6 89 85 4 1310
internal_value=0 0.00599589 0.00492766 0.00465154 0.0175218 0.00615971 0.00631679 0.00919297 0.00365096 0.04009 0.0132727 0.0694185 0.00662677 0.00355845 -0.00962307 -0.000749021 -0.00398937 -0.0152438 -0.00123342 -0.0294741 0.020236 -0.0260748 0.109116 0.047059 0.0781722 0.0614009 0.0421361 0.0391615 0.079719 0.0112827
internal_weight=0 24624.5 22535.8 22396.8 2088.64 18664.1 18605.7 8949.79 9655.92 105.557 81.0492 38.2389 6858.33 4641.98 629.446 516.037 498.695 333.613 248.599 107.368 141.231 51.7988 9.62109 89.4322 57.7069 52.2288 46.3526 31.3319 33.9985 1395.4
internal_count=92440 92185 89692 89617 2493 69235 68870 23710 45160 463 429 53 21256 15759 4418 3354 3316 3083 1916 954 962 517 52 445 232 217 211 182 122 1877
is_linear=0
shrinkage=0.05


Tree=64
num_leaves=31
num_cat=4
split_feature=6 8 5 5 5 5 5 2 3 3 5 5 5 2 3 2 0 5 2 5 3 5 0 3 5 3 3 0 0 3
split_gain=370.947 112.078 89.1729 61.5786 54.7237 46.8457 67.405 67.7435 58.415 113.969 72.4781 61.3773 77.7711 78.3239 67.8138 57.4881 143.807 82.0085 55.7218 131.507 68.7331 67.8409 59.0954 55.5416 49.5415 45.0604 86.2687 58.5948 44.8721 44.5435
threshold=1.0000000180025095e-35 1.0000000180025095e-35 47.621826425365313 40.194077114622544 1414.8047806152824 174.1241777332867 161.61756096953937 0 0.020607500000000004 0.021053000000000006 177.64653731058817 216.96953877380855 249.56083018496517 1 0.07653900000000001 2 1.1700000000000002 245.64930952185787 3 208.97828956000583 0.021115500000000002 186.94015580656645 1.0350000000000004 0.036335000000000013 185.09669559927607 0.020458500000000004 0.020553000000000005 1.8300000000000003 1.6650000000000003 0.038845500000000005
decision_type=2 2 2 2 2 2 2 9 2 2 2 2 2 9 2 9 2 2 9 2 2 2 2 2 2 2 2 2 2 2
left_child=1 2 -1 -3 5 6 -4 -8 -7 -10 -11 18 15 14 -14 16 -13 23 19 22 24 -22 -12 -18 -20 -5 -27 -28 -6 -30
right_child=-2 3 4 25 28 8 7 -9 9 10 11 12 13 -15 -16 -17 17 -19 20 -21 21 -23 -24 -25 -26 26 27 -29 29 -31
leaf_value=-0.0023447037040456487 0.052868324152672834 0.029202172512056774 0.0053935806357889651 -0.0067806849796801811 -0.079127584872716594 0.01389391720761441 0.018982373013021626 -0.017794892392417914 -0.042179286391403698 0.040581167626484005 0.15781134484038362 0.38898585685664461 -0.024143919822108968 0.010792142624631967 0.066430628143068216 0.018680960751671125 0.076538546883671316 0.24929471279860516 0.10196093988773791 -0.10505992747013054 -0.06707261955922629 -0.015106011373479429 0.014275367343159954 -0.053556984652623096 -0.027713507219229591 0.031406957818917267 -0.0050263073695587437 0.032247829964725423 0.06362108561691153 -0.077018355206810094
leaf_weight=3755.0517202303745 424.21479976177216 678.75034523755312 11685.405159740709 288.0821965560317 34.167320443782955 3624.1547286249697 151.09029375761747 583.82872110698372 126.57132136449218 146.44620139338076 7.3635441567748776 3.6718676127493373 314.5529249124229 789.93991484120488 22.118653357028961 475.51680062152445 28.748949006199837 5.2631579637527457 18.908644825220112 23.511681722477078 79.502360131591558 299.00032828375697 274.06046635843813 11.480305055156348 12.065212830901144 477.41174323111773 483.07144405320287 134.87181580066681 14.818673357367517 9.0796196907758695
leaf_count=20389 255 616 46894 567 315 8123 286 2503 718 383 33 44 1847 2834 33 1615 27 32 13 148 667 1744 756 200 37 419 788 103 5 46
internal_value=0 0.00571067 0.004688 0.016867 0.00609709 0.00624771 0.00446985 -0.0102178 0.00977352 0.00411437 0.00644681 0.00433376 0.00963108 0.00222604 -0.0176686 0.0255314 0.0731173 0.0636948 -0.00791046 0.00826908 -0.0196806 -0.0260213 0.018031 0.0394129 0.051449 0.010815 0.0154428 0.00310912 -0.0423675 0.0101883
internal_weight=0 24558.5 22496.3 2062.19 18741.3 18683.2 12420.3 734.919 6262.88 2638.72 2512.15 2365.7 1651.29 1126.61 336.672 524.681 49.1643 45.4924 714.412 304.936 409.477 378.503 281.424 40.2293 30.9739 1383.44 1095.36 617.943 58.0656 23.8983
internal_count=92440 92185 89692 2493 69303 68937 49683 2789 19254 11131 10413 10030 6632 4714 1880 1918 303 259 3398 937 2461 2411 789 227 50 1877 1310 891 366 51
cat_boundaries=0 1 2 3 4
cat_threshold=1026 1204 96 2436
is_linear=0
shrinkage=0.05


Tree=65
num_leaves=31
num_cat=0
split_feature=6 8 7 3 3 4 1 4 4 3 4 3 3 4 1 3 3 3 0 3 0 3 0 4 4 3 0 0 4 4
split_gain=365.535 117.348 70.2215 35.5753 166.284 76.0712 56.1682 114.779 88.8627 76.8744 92.0899 49.938 85.3035 48.581 41.3976 34.7422 34.1437 33.3403 32.2306 30.9673 100.724 30.8307 75.3315 52.6519 41.2502 55.0771 30.6451 30.326 99.8428 48.9122
threshold=1.0000000180025095e-35 1.0000000180025095e-35 1.0000000180025095e-35 0.0071425000000000004 0.0094255000000000016 0.00086100000000000011 420.80000000000007 0.0010680000000000002 0.0011325 0.010676500000000002 0.0015020000000000001 0.020607500000000004 0.020684500000000005 0.00082700000000000015 424.85000000000008 0.0019975000000000006 0.017438000000000006 0.011541500000000001 0.99500000000000011 0.0023880000000000004 0.89500000000000013 0.037688500000000007 1.4650000000000001 0.011158500000000002 0.0048425000000000004 0.024409500000000004 1.4350000000000003 1.8300000000000003 0.0033100000000000004 0.0031410000000000001
decision_type=2 2 2 2 2 2 2 2 2 2 2 2 2 2 2 2 2 2 2 2 2 2 2 2 2 2 2 2 2 2
left_child=1 2 3 13 5 18 7 -6 -9 -10 17 -12 -13 15 -8 -1 -16 -11 -5 -17 -21 22 23 24 -14 -26 -27 28 29 -3
right_child=-2 27 -4 4 6 -7 14 8 9 10 11 12 21 -15 16 19 -18 -19 -20 20 -22 -23 -24 -25 25 26 -28 -29 -30 -31
leaf_value=-0.069298607487333561 0.052719566561190173 0.006840206941444613 0.044285219271698484 -0.054532383735609494 0.10520796577788263 -0.018336566372794207 -0.053629548451597092 -0.059090715973654832 0.019543403201364863 -0.033608456357496021 0.0068967493457500924 -0.06342872294213163 -0.0029842391671218234 0.038172903002283015 0.00078738794014584872 0.02089273998548568 -0.034343365729216258 -0.0080543866331380647 -0.15360034065904737 -0.057297113612809647 0.0085345289158740775 0.0035972696168584599 -0.029780202207078846 -0.03562757043727937 0.061863329075879249 -0.0082877197366982725 0.015844914545858978 0.034398807904946788 -0.014542190985232725 0.025194899491326084
leaf_weight=14.39812111854553 401.30544567108154 559.87807278707623 105.31702763587236 19.921301770955324 27.988968178629875 593.38399379700422 58.007050326094031 55.860770981758833 770.52341818064451 182.12917908653617 8429.9223279096186 50.079676259309053 1465.3723567072302 149.27288354933262 271.75766240619123 365.78604486584663 92.774924926459789 426.64196143299341 13.965435668826101 63.103434074670076 733.31353054940701 7422.9498624526896 235.15431091934443 99.128199147991836 51.344830628484488 196.2232052506879 399.13413321599364 202.66814316809177 262.50598235428333 1031.9975111633539
leaf_count=72 253 868 63 331 99 2848 2036 596 2051 1036 17859 461 6472 139 3438 557 4683 1645 64 649 2993 30642 982 4816 181 4311 705 147 510 1001
internal_value=0 0.00460836 0.003554 0.00336067 0.00285594 -0.0224976 0.00364189 0.00402659 0.00388345 0.00406176 0.00343253 0.00406727 0.00166266 0.0113024 -0.0143966 0.00789337 -0.00815352 -0.0156995 -0.0953604 0.00884967 0.00331841 0.00199295 -0.00287501 -1.37269e-05 0.00165777 0.0121762 0.00789106 0.016035 0.014028 0.0187394
internal_weight=0 24350.5 22293.5 22188.1 20862.3 627.271 20235 19812.5 19784.5 19728.6 18958.1 18349.3 9919.39 1325.87 422.54 1176.6 364.533 608.771 33.8867 1162.2 796.417 9869.31 2446.36 2211.2 2112.07 646.702 595.357 2057.05 1854.38 1591.88
internal_count=92508 92255 89729 89666 85256 3243 82013 71856 71757 71161 69110 66429 48570 4410 10157 4271 8121 2681 395 4199 3642 48109 17467 16485 11669 5197 5016 2526 2379 1869
is_linear=0
shrinkage=0.05


Tree=66
num_leaves=31
num_cat=1
split_feature=6 8 7 2 4 0 4 0 3 4 4 4 4 4 3 4 3 0 3 3 3 4 3 3 3 4 3 0 4 4
split_gain=349.973 108.103 65.5692 60.8821 49.6855 54.4582 43.2836 41.6512 57.8633 70.2201 48.5751 61.3246 35.8483 54.5387 33.6263 33.5694 32.5442 32.4361 30.2119 30.6551 126.883 38.0549 125.77 81.7251 64.8007 95.8801 29.221 28.6671 91.3988 46.1882
threshold=1.0000000180025095e-35 1.0000000180025095e-35 1.0000000180025095e-35 0 0.0068850000000000005 1.0550000000000004 0.019431000000000004 1.3800000000000001 0.011827500000000003 0.0024110000000000004 0.0015020000000000001 0.0013420000000000001 0.015649000000000003 0.018572000000000002 0.015845500000000002 0.0069895000000000001 0.010998000000000003 0.89500000000000013 0.0019975000000000006 0.0023880000000000004 0.0070585000000000014 0.0012695000000000002 0.0090885000000000011 0.015845500000000002 0.0071425000000000004 0.00086100000000000011 0.011541500000000001 1.8300000000000003 0.0033100000000000004 0.0031410000000000001
decision_type=2 2 2 9 2 2 2 2 2 2 2 2 2 2 2 2 2 2 2 2 2 2 2 2 2 2 2 2 2 2
left_child=1 2 3 4 7 -6 15 8 10 14 11 16 18 -14 -10 -7 17 -1 -5 -20 -21 22 24 -23 -22 -26 -18 28 29 -3
right_child=-2 27 -4 12 5 6 -8 -9 9 -11 -12 -13 13 -15 -16 -17 26 -19 19 20 21 23 -24 -25 25 -27 -28 -29 -30 -31
leaf_value=-0.053672092231995483 0.052579914290958735 0.0065184270111902191 0.043300982007096506 -0.06801130205466252 -0.039344530555126822 -0.038539548544455897 0.022484781600834631 0.008905973461334012 -0.013353907496524778 0.0020673644927096204 0.014740024510855376 -0.040550915697431154 -0.03809262834110605 7.18489969780024e-05 -0.044427182092566249 -0.0064042554127592584 -0.055186224431425138 0.0058200860687032223 0.019927687607614899 -0.066469631891426684 0.015133591326828838 0.024616395706905332 -0.06458660912819407 0.0053746527007158809 -0.13910935589247561 -0.0085202145192032012 -0.0065615368521436167 0.0335207251420091 -0.013704859642605916 0.024436000394810694
leaf_weight=23.361752856522799 382.7218177318573 558.1848329603672 102.40006475895643 13.948513731360434 134.50000375276431 88.155864607542753 121.57689427956939 1409.1461952291429 937.17357270233333 1062.2183731971309 773.30901345610619 90.795232005417347 111.98197361826897 570.6099120490253 95.982109868433326 1040.0933618824929 41.947428345680237 1188.2082715444267 364.36231389641762 61.420258246362209 411.62971225380898 577.41655720770359 79.377131186425686 12454.207116369158 14.630311995744703 357.91052797436714 117.28952634334564 197.70582482218742 264.56265784054995 1011.3782809972763
leaf_count=412 253 868 63 72 8348 832 1589 2639 5875 5555 1123 545 736 4120 1329 14686 592 6915 557 479 526 595 485 30396 64 941 255 147 510 1001
internal_value=0 0.0043915 0.00338307 0.00319845 -0.000610647 -0.00911398 -0.00586072 0.00143926 -0.000990537 -0.00695969 0.00460593 -0.000755848 0.00500243 -0.00618919 -0.0162407 -0.00891515 0.00187997 0.00467295 0.00553884 0.00561047 0.0052367 0.00555366 -0.00461115 0.00622723 0.00145982 -0.0136487 -0.0193706 0.0154314 0.0134815 0.018064
internal_weight=0 24275.5 22243.7 22141.3 7123.76 1384.33 1249.83 5739.43 4330.29 2095.37 2234.91 1461.6 15017.5 682.592 1033.16 1128.25 1370.81 1211.57 14334.9 14321 13956.6 13895.2 863.548 13031.6 784.171 372.541 159.237 2031.83 1834.13 1569.56
internal_count=92508 92255 89729 89666 50695 25455 17107 25240 22601 12759 9842 8719 38971 4856 7204 15518 8174 7327 34115 34043 33486 33007 2016 30991 1531 1005 847 2526 2379 1869
cat_boundaries=0 1
cat_threshold=3188
is_linear=0
shrinkage=0.05


Tree=67
num_leaves=31
num_cat=2
split_feature=6 8 7 2 4 0 2 0 3 4 4 4 4 3 4 3 3 4 3 3 3 4 3 3 0 4 4 0 3 3
split_gain=334.96 99.4857 61.2019 55.0948 45.1631 51.8949 39.6694 52.1193 52.3658 63.9596 44.0528 56.243 38.8015 34.5029 52.8005 126.747 52.2039 83.0673 47.8965 32.013 31.9736 31.6375 30.9088 66.1526 50.4898 40.0712 50.3991 42.4265 31.7561 28.3317
threshold=1.0000000180025095e-35 1.0000000180025095e-35 1.0000000180025095e-35 0 0.0068850000000000005 1.0550000000000004 1 1.3800000000000001 0.011827500000000003 0.0024110000000000004 0.0015020000000000001 0.0013420000000000001 0.019431000000000004 0.0202845 0.0012695000000000002 0.0090885000000000011 0.0071425000000000004 0.00086100000000000011 0.015845500000000002 0.015845500000000002 0.0019975000000000006 0.0069895000000000001 0.0069770000000000014 0.008794500000000002 0.9850000000000001 0.00092000000000000014 0.00093450000000000011 0.95500000000000007 0.010998000000000003 0.011541500000000001
decision_type=2 2 2 9 2 2 9 2 2 2 2 2 2 2 2 2 2 2 2 2 2 2 2 2 2 2 2 2 2 2
left_child=1 2 3 4 6 -6 -1 8 10 19 11 22 21 14 15 16 20 -18 -16 -10 -5 -7 24 -24 -8 -25 27 -27 -28 -30
right_child=-2 -3 -4 13 5 12 7 -9 9 -11 -12 -13 -14 -15 18 -17 17 -19 -20 -21 -22 -23 23 25 -26 26 28 -29 29 -31
leaf_value=-0.043939141998875275 0.052447774961162479 0.014844605999752009 0.042332073993141789 -0.066831314623177138 -0.038836823496463578 -0.037731477842941591 0.0010711377149546424 0.010251811282299907 -0.012746048518975352 0.00196335870290601 0.01405353085995889 -0.039155881353355529 0.020995390382582316 0.0027835458057115211 0.023695425205181888 -0.063711384505837784 -0.12773984090264501 -0.0081005216553834327 0.0082533435766365404 -0.043469778004435029 0.010749210237390495 -0.0061052199468917424 -0.040929767445807563 -0.055840420698060528 0.036418111457798642 -0.054391911132598253 0.0066467705788086006 0.116327584667258 -0.054921249633442054 -0.0062325688525907644
leaf_weight=37.935790095478296 364.95030605792999 2007.684095364064 99.578912779688835 13.496512264013289 129.57095977058634 85.606944851577282 320.64037069678307 1368.4602172225714 932.88620999827981 1062.5544646605849 770.6005172803998 89.365501597523689 123.63632719498128 8904.6798241119832 570.05717296898365 76.516681544482708 15.121957272291182 357.63850338757038 4215.2631148006767 93.260926934424788 831.23026457428932 1036.5777429156005 105.00911702215672 29.558722130954266 147.50237894058228 4.6512744836509254 589.35857935994864 16.725857883691788 40.089270204305649 117.3058690726757
leaf_count=493 253 2526 63 72 8348 832 2621 2146 5875 5555 1123 545 1589 27718 595 485 64 941 7534 1329 1562 14686 1128 349 139 73 2990 27 592 255
internal_value=0 0.00418625 0.00322169 0.00304535 -0.000584452 -0.00872111 0.00136899 0.00174536 -0.000945526 -0.00663497 0.00438149 -0.000722773 -0.00558894 0.00476282 0.00766979 -0.00129106 0.00263193 -0.012954 0.0100929 -0.0155384 0.00950968 -0.00851786 0.00178269 -0.00362405 0.0122083 0.00128694 0.00348528 0.0791821 0.00131832 -0.0186338
internal_weight=0 24192.6 22184.9 22085.3 7101.3 1375.39 5725.91 5687.97 4319.51 2088.7 2230.81 1460.21 1245.82 14984 6079.32 1294 1217.49 372.76 4785.32 1026.15 844.727 1122.18 1370.84 902.699 468.143 797.69 768.131 21.3771 746.754 157.395
internal_count=92508 92255 89729 89666 50695 25455 25240 24747 22601 12759 9842 8719 17107 38971 11253 3124 2639 1005 8129 7204 1634 15518 8174 5414 2760 4286 3937 100 3837 847
cat_boundaries=0 1 2
cat_threshold=3188 2048
is_linear=0
shrinkage=0.05


Tree=68
num_leaves=31
num_cat=3
split_feature=2 8 5 5 5 5 5 2 4 5 4 5 8 8 4 2 5 0 4 5 5 5 5 5 4 1 1 5 1 0
split_gain=90.0338 51.0951 57.2258 50.4812 82.4786 103.983 75.2466 88.3082 69.2972 68.0672 66.0934 60.466 57.6468 57.439 54.7809 51.831 74.0432 54.1476 51.1013 64.6121 80.1986 59.6359 74.9001 85.2439 62.0034 86.8789 54.7362 139.344 89.33 67.2446
threshold=0 1.0000000180025095e-35 97.625302707164806 82.098298634809808 70.56529304358989 69.84512352536818 96.854130771787808 1 0.0068850000000000005 73.476410192120639 0.019431000000000004 95.211148834696615 1.0000000180025095e-35 1.0000000180025095e-35 0.0013420000000000001 2 77.024927101808103 1.1850000000000003 0.0024895000000000004 285.38423697385775 325.44850780740938 179.40304736341162 129.00149335071626 103.31230727641055 0.0015195000000000002 301.65000000000003 415.10000000000008 189.03780730069334 434.50000000000006 0.92500000000000016
decision_type=9 2 2 2 2 2 2 9 2 2 2 2 2 2 2 9 2 2 2 2 2 2 2 2 2 2 2 2 2 2
left_child=3 2 -2 4 5 -1 7 11 12 -6 -10 -5 18 15 -7 -11 17 -17 21 -20 -21 22 23 -8 -25 -26 -23 29 -29 -28
right_child=1 -3 -4 6 9 14 8 -9 10 13 -12 -13 -14 -15 -16 16 -18 -19 19 20 -22 26 -24 24 25 -27 27 28 -30 -31
leaf_value=-0.0037377986014421323 0.002264762444438552 0.014521039734504124 0.008416118221656629 -0.042162860573976883 -0.076408782606033565 0.22022440391551101 -0.044278492952532021 0.027886052629719067 -0.017036718681432628 0.01373438082808737 0.027462022305257485 0.047728235147334847 -0.077971975707565769 0.079657778154945402 0.054096038099882664 -0.052593373874276476 -0.069679488168027257 0.018898758910480453 0.01478096417905455 -0.084455367149685198 -0.0012349579387192803 0.0017911119119444188 -0.022433118128965791 0.027135467015881584 0.076889662857014943 -0.034834435730563856 0.22255901230298769 0.033798983547820564 -0.055976737694611339 0.073302174508305437
leaf_weight=1908.6330781467259 6754.9826127430424 1841.9841259196401 8587.2814560513943 85.591365702450275 61.108185838907957 5.8632561042904845 74.419886005111039 500.32452159095556 765.44641971495003 70.444842586293817 93.655296370387077 23.940167162567377 21.49535846337676 14.220618918538092 32.293093058280647 43.693279143422842 93.381163373589516 67.248610718175769 1367.3512493222952 34.736956907436252 173.7723592845723 717.33978039724752 537.87940086890012 276.285928145051 21.011951789259911 101.23720245715231 11.515008602291344 113.2064201682806 36.689126424491405 21.894441954791546
leaf_count=17467 19851 2207 19401 783 841 34 565 3134 11133 589 747 102 131 12 168 614 1095 218 3700 197 538 2765 3323 1103 44 868 37 337 455 49
internal_value=0 0.00664859 0.00570776 9.73246e-06 -0.0061219 -0.00210394 0.00283905 0.0192911 0.000541998 -0.0284646 -0.0121857 -0.0206318 0.00365824 -0.0183266 0.079624 -0.0233978 -0.0351517 -0.00925765 0.00416139 0.0108274 -0.0150992 -0.00133418 -0.00967053 0.00484403 0.0140169 -0.0156315 0.00802207 0.0324061 0.0118251 0.124746
internal_weight=0 17184.2 15342.3 7274.68 2296.89 1946.79 4977.79 609.856 4367.94 350.097 859.102 109.532 3508.84 288.989 38.1563 274.768 204.323 110.942 3487.34 1575.86 208.509 1911.48 1010.83 472.955 398.535 122.249 900.645 183.305 149.896 33.4095
internal_count=92508 41459 39252 51049 21038 17669 30011 4019 25992 3369 11880 885 14112 2528 202 2516 1927 832 13981 4435 735 9546 5903 2580 2015 912 3643 878 792 86
cat_boundaries=0 1 2 3
cat_threshold=3188 68 96
is_linear=0
shrinkage=0.05


Tree=69
num_leaves=31
num_cat=0
split_feature=6 8 5 5 3 3 0 5 7 3 1 1 5 5 3 1 1 3 5 0 3 3 5 5 5 0 5 3 5 3
split_gain=322.472 85.4032 114.032 64.578 63.1845 72.6593 73.1762 68.2039 48.5416 44.2811 93.1071 95.5865 59.462 228.521 77.6003 40.9164 38.4134 38.2231 87.3754 32.7648 80.3646 44.8988 78.5021 72.8714 61.6793 50.6554 50.469 49.893 70.3219 58.7574
threshold=1.0000000180025095e-35 1.0000000180025095e-35 80.64657850185823 40.194077114622544 0.020458500000000004 0.020553000000000005 1.8300000000000003 231.96951972435295 1.0000000180025095e-35 0.0021455000000000003 403.70000000000005 403.20000000000005 54.500490844783982 53.092728116214964 0.0065285000000000004 431.4500000000001 259.20000000000005 0.07653900000000001 428.57269638143396 1.4350000000000003 0.012087000000000002 0.014443500000000003 39.499059982943692 19.782931750250935 15.739785094204615 1.0650000000000002 64.275068292314899 0.038323500000000003 46.9504345995962 0.021885000000000005
decision_type=2 2 2 2 2 2 2 2 2 2 2 2 2 2 2 2 2 2 2 2 2 2 2 2 2 2 2 2 2 2
left_child=1 2 8 -3 -5 -6 7 -7 9 -1 11 19 13 -12 -15 -16 -9 -4 -19 20 -11 23 25 24 -22 -23 27 29 -29 -24
right_child=-2 3 17 4 5 6 -8 16 -10 10 12 -13 -14 14 15 -17 -18 18 -20 -21 21 22 26 -25 -26 -27 -28 28 -30 -31
leaf_value=0.022252122607957878 0.052315068136001411 0.027011642026397414 0.0055851644306910827 -0.013805526373048672 0.028548456326861534 -0.0032521058507001925 0.032034446093901374 -0.0088525992110460583 0.049549672999989886 0.0017429478669638021 -0.03113787326175891 0.0555435734582451 -0.056202196957771247 0.32502269299781295 0.12443728101805647 -0.056653822905917119 -0.13831992878487293 -0.07019408195865505 0.1029165563503355 -0.00057992408308376632 -0.064986363956934565 0.013299746122024626 0.015328177035395352 -0.052403833710637282 0.074375870242507247 -0.067328686551757416 -0.029420586730797012 0.13712771189305664 -0.051300925753561911 -0.053756044426975493
leaf_weight=176.762556001544 346.90259456634521 625.43506713956594 14584.210207452532 275.13078076764941 443.26147697865963 446.84823963046074 153.74677371233702 9.2309281453490257 45.112527035176754 810.50091367587447 192.35088132414967 71.87366209924221 124.00301406532526 4.2524464540183571 16.470331085845832 3.8479297980666152 15.103575773537159 40.033292278647423 8.9119075536727888 5322.765608468093 12.142705334350465 25.112684368155897 187.32114079315215 186.8752322262153 22.935913435183465 86.849715094082057 110.2145855538547 16.470599094405774 7.0799085004255167 36.829702086746693
leaf_count=230 253 602 52606 581 429 706 119 22 20 2365 4010 38 2371 12 39 65 67 196 7 17997 101 1461 684 1663 101 2028 1756 130 324 1525
internal_value=0 0.00376157 0.00287235 0.0137403 0.0075613 0.0130647 0.00208208 -0.00769137 -0.00215875 -0.00247335 -0.0030772 -0.00181637 -0.028584 -0.012796 0.130793 0.0901417 -0.0892084 0.00543712 -0.0386742 -0.00242041 -0.00894127 -0.0214581 -0.0127038 -0.0399912 0.0261347 -0.0492441 -0.0012733 0.0112508 0.0804811 0.00397711
internal_weight=0 24061.7 22092.9 1968.76 1343.32 1068.19 624.93 471.183 7459.77 7414.66 7237.9 6896.97 340.925 216.922 24.5707 20.3183 24.3345 14633.2 48.9452 6825.1 1502.33 691.832 469.878 221.954 35.0786 111.962 357.916 247.701 23.5505 224.151
internal_count=92508 92255 89729 2526 1924 1343 914 795 36920 36900 36670 30173 6497 4126 116 104 89 52809 203 30135 12138 9773 7908 1865 202 3489 4419 2663 454 2209
is_linear=0
shrinkage=0.05


Tree=70
num_leaves=31
num_cat=2
split_feature=6 8 5 7 4 4 2 2 5 4 1 5 5 1 5 1 5 5 4 5 4 4 1 5 1 5 5 5 4 1
split_gain=294.025 120.112 114.211 108.518 67.6598 115.426 67.4998 54.3615 62.2991 80.2027 57.0454 61.8349 75.4236 59.5605 51.5268 51.7656 107.6 120.229 82.3595 49.4091 79.1078 60.1564 47.0988 129.532 46.2139 49.6223 65.5491 96.98 71.7008 69.1902
threshold=1.0000000180025095e-35 1.0000000180025095e-35 174.1241777332867 1.0000000180025095e-35 0.0032515000000000005 0.0033305000000000006 0 1 177.64653731058817 0.0033535000000000001 302.90000000000003 196.98781741908587 378.97948037824767 318.40000000000003 34.61541539192995 407.10000000000008 112.16299456532965 111.29018508419458 0.00016450000000000001 292.66069720820161 0.0024895000000000004 0.0011530000000000002 236.90000000000003 56.524326279321279 454.60000000000008 95.211148834696615 54.500490844783982 53.092728116214964 0.0010680000000000002 426.75000000000006
decision_type=2 2 2 2 2 2 9 9 2 2 2 2 2 2 2 2 2 2 2 2 2 2 2 2 2 2 2 2 2 2
left_child=1 2 3 4 14 -6 22 10 9 -9 11 -4 -13 -12 -1 -16 17 18 -17 20 -15 -21 23 -7 25 26 27 28 -20 -30
right_child=-2 -3 7 -5 5 6 -8 8 -10 -11 13 12 -14 19 15 16 -18 -19 24 21 -22 -23 -24 -25 -26 -27 -28 -29 29 -31
leaf_value=-0.0062574207239817301 0.052198495976746966 0.015501998883813673 -0.072423544370492615 0.051201387363646524 -0.049006405968206046 0.27434303711415142 -0.0013175591601361728 0.001216734862670878 0.0085407191534810061 0.057246082169713608 -0.086802543276257582 0.031627925392438749 -0.062893878704090453 -0.063465600850046294 0.0057378162827085542 0.026533378951325431 -0.039023027042900046 0.14081963421922203 -0.055899436146760975 0.039313166364533185 0.028649703491492491 -0.060026448506092539 -0.023134051790613248 -0.055874086890927134 -0.056074994990031907 0.038203598223211829 -0.043024852909392598 0.12268706532134306 -0.054772478697180584 0.10770239196645487
leaf_weight=1315.3349712905474 316.52037286758423 1977.2105616685003 20.378997579216957 104.42717616260052 137.78748903423548 4.9335323646664602 6152.9392809323035 110.81120197847486 5536.2356032058597 150.77460555918515 34.230195082724094 161.98832786828279 24.266487415879965 80.092675350606441 7040.675398000516 178.98682898283005 204.59028968214989 15.565201159566639 38.567744255065918 60.926755592226982 32.874107245355844 20.323176324833184 486.38771164836362 7.4607549905776978 58.699795335531235 49.208730302751064 111.80563349369913 16.849327839910984 10.27605374902487 18.083802555687726
leaf_count=4577 242 2490 255 48 1145 36 22749 245 15804 331 171 724 251 863 16841 218 1900 39 474 96 337 442 19582 80 756 363 1333 50 154 34
internal_value=0 0.00369337 0.00264097 0.000398533 6.3781e-05 -0.00370984 -0.00277154 0.00838028 0.0096507 0.0335113 -0.00857383 0.0102656 0.019313 -0.0259897 0.00289213 0.00444635 -0.00849473 0.00404594 -0.000366509 -0.0152716 -0.0366594 0.0144652 -0.0202749 0.0755685 -0.016231 -0.00667657 -0.0179685 0.0154709 -0.0115213 0.0488304
internal_weight=0 24162.7 22185.5 15952.6 15848.2 6789.51 6651.72 6232.9 5797.82 261.586 435.081 206.634 186.255 228.447 9058.64 7743.31 702.633 498.043 482.478 194.217 112.967 81.2499 498.782 12.3943 303.491 244.791 195.583 83.7769 66.9276 28.3599
internal_count=92630 92388 89898 70379 70331 43592 42447 19519 16380 576 3139 1230 975 1909 26739 22162 5321 3421 3382 1738 1200 538 19698 116 3164 2408 2045 712 662 188
cat_boundaries=0 1 2
cat_threshold=2161 2081
is_linear=0
shrinkage=0.05


Tree=71
num_leaves=31
num_cat=3
split_feature=6 7 5 4 5 0 2 1 5 1 5 2 4 5 5 5 5 4 4 5 5 2 5 4 5 4 5 5 5 5
split_gain=281.174 90.4112 68.0751 83.2606 68.774 68.2746 57.6116 58.9171 55.4773 55.3525 54.2072 120.542 79.6203 61.0528 70.0429 58.472 50.8575 73.0105 55.549 48.8105 321.367 46.2092 43.3684 42.6282 74.6891 42.8801 70.4265 91.1951 38.4317 57.4016
threshold=1.0000000180025095e-35 1.0000000180025095e-35 169.30304839701034 0.0089695000000000018 158.89017946820954 1.2350000000000001 0 302.90000000000003 378.97948037824767 318.40000000000003 141.98858618898055 1 0.011018500000000002 143.19637304772783 145.62971220690937 138.63475476661208 292.66069720820161 0.0024895000000000004 0.0011530000000000002 25.437447386452721 24.687498797708372 2 167.81282705265474 0.010953000000000003 21.399926047583165 0.011823500000000002 72.793362830776815 64.275068292314899 64.935263944017308 69.84512352536818
decision_type=2 2 2 2 2 2 9 2 2 2 2 9 2 2 2 2 2 2 2 2 2 9 2 2 2 2 2 2 2 2
left_child=1 2 3 21 5 19 7 8 -4 -9 15 12 -12 -14 -15 23 17 -11 -18 20 -5 22 -1 24 -7 26 27 -25 -29 -30
right_child=-2 -3 6 4 -6 10 -8 9 -10 16 11 -13 13 14 -16 -17 18 -19 -20 -21 -22 -23 -24 25 -26 -27 -28 28 29 -31
leaf_value=-0.0013692825015119712 0.052086688522992634 0.046840709070226375 0.018576465589813341 -0.050651991114085096 -0.051366200864967598 0.1810778299494592 0.0087008427238937421 -0.084453949865901823 -0.062469408177895772 -0.062468653873099148 -0.069762693740240037 -0.05624951779145404 0.11159252280374572 -0.069217718312813911 0.03972002725282528 -0.069854552534976341 0.037419561802212314 0.023629169195949044 -0.05965968332115279 -0.051318948687577519 0.53199321305786673 0.0046344243868054876 -0.088381055210063841 -0.026187906931323768 0.011639489773027813 -0.0040731318571703709 -0.052402620076516998 0.17289427752038455 -0.061516473063027072 0.088706262228857219
leaf_weight=3919.9959412375465 301.7134702205658 119.82637964934111 185.03152539208531 16.044068193528805 85.491964505985379 6.7670879401266566 6428.7167974216864 35.741885147988796 23.83509348705411 85.059287112206221 17.755991399288177 38.707432959228754 26.418642666190863 16.125060047954321 173.69923046603799 35.725933145731688 60.812313109636307 34.654949765652418 19.447857306804508 119.8808755739592 2.7761462815105906 10930.07350591477 14.372991221025584 96.141232572495937 167.22583075240254 1265.3331618946977 130.13565447926521 6.8993431925773612 9.2400355786085147 20.395102046430111
leaf_count=20078 242 68 1032 1381 814 45 17782 181 255 948 90 576 44 106 615 304 96 355 442 6764 47 24191 112 854 949 13374 767 13 62 43
internal_value=0 0.00351733 0.00330078 0.0016115 -0.0073868 -0.00563743 0.00750333 -0.00978838 0.00932781 -0.0271424 -0.00329679 0.0174284 0.0307076 0.0403774 0.0304661 -0.006549 -0.0168989 -0.037545 0.0138963 -0.0395666 0.0352933 0.00296433 -0.00168288 -0.00522029 0.0182294 -0.00789025 -0.0262682 -0.000634041 0.0666115 0.0418678
internal_weight=0 24092.3 23972.5 17099.2 2234.76 2149.27 6873.3 444.583 208.867 235.716 2010.57 272.706 233.999 216.243 189.824 1737.86 199.974 119.714 80.2602 138.701 18.8202 14864.4 3934.37 1702.14 173.993 1528.14 262.811 132.676 36.5345 29.6351
internal_count=92630 92388 92320 71229 26848 26034 21091 3309 1287 2022 17842 1431 855 765 721 16411 1841 1303 538 8192 1428 44381 20190 16107 994 15113 1739 972 118 105
cat_boundaries=0 1 2 3
cat_threshold=2081 1792 1109
is_linear=0
shrinkage=0.05


Tree=72
num_leaves=31
num_cat=2
split_feature=6 8 5 7 4 4 2 5 4 5 4 5 5 4 4 5 5 1 5 5 5 5 5 4 5 4 2 5 5 1
split_gain=268.881 109.153 95.8048 95.6378 58.8425 108.956 58.5795 46.762 47.5335 46.6537 78.5052 45.4965 41.2547 40.4441 53.7103 43.8883 46.2198 40.0241 90.9498 38.7075 50.1435 49.648 38.2034 37.0603 81.4407 52.7758 67.0016 89.8565 140.135 46.4634
threshold=1.0000000180025095e-35 1.0000000180025095e-35 174.1241777332867 1.0000000180025095e-35 0.0032515000000000005 0.0033305000000000006 0 34.61541539192995 0.0030275000000000002 177.64653731058817 0.0033535000000000001 175.90930363448868 40.194077114622544 0.0031225000000000003 0.0031830000000000005 52.411728613298166 43.615627288932792 236.90000000000003 56.524326279321279 179.40304736341162 161.61756096953937 121.74691794652321 228.97007857728582 0.019431000000000004 428.57269638143396 0.013299500000000002 1 231.96951972435295 234.91122439578035 327.20000000000005
decision_type=2 2 2 2 2 2 9 2 2 2 2 2 2 2 2 2 2 2 2 2 2 2 2 2 2 2 9 2 2 2
left_child=1 2 3 4 7 -6 17 -1 -9 10 -4 -12 -3 15 -15 16 -14 18 -7 20 21 -17 -21 25 -25 -11 27 -27 -29 -30
right_child=-2 12 9 -5 5 6 -8 8 -10 23 11 -13 13 14 -16 19 -18 -19 -20 22 -22 -23 -24 24 -26 26 -28 28 29 -31
leaf_value=-0.0060950524874502712 0.05198078695057376 0.025490440223387534 -0.0031250145804685627 0.049553034566034375 -0.048221573957241207 0.20604970703379832 -0.0013078099944054563 0.001168500714925753 0.0093501138460247209 0.0072080995955007554 0.015206895084427378 0.071728492664064197 0.0083233038806303887 0.026382243261239564 0.0037687819509591271 0.0056572655845346445 -0.1884097216499179 -0.022045454047565846 -0.055582161037211558 -0.11162012190401634 0.060358880479242698 -0.068300782901073956 -0.013593868808384424 0.035725725321845286 -0.076593828850896037 -0.058984858643785942 -0.024695179615863996 0.32636008499231695 0.048168050854925967 -0.05308394514515126
leaf_weight=1314.5851401742548 287.56867384910583 607.84097062051296 116.1576788648963 97.894971460103989 133.78028093278408 6.1932924464344961 6144.441584020853 4942.4288736740127 2770.3250734526664 5328.817838952411 55.756517242640257 98.50057172216475 5.4141735285520536 492.25950107723475 562.77889070101082 167.78656126558781 6.6553796529769897 470.01937958830968 7.1640697419643402 14.548285901546476 35.407004877924919 26.24074898660183 31.373772844672203 203.0178640447557 17.532515175640583 26.619515310972929 275.74517598003149 4.2394865751266471 69.406883485615253 13.540857113897799
leaf_count=4577 242 602 307 48 1145 36 22749 17520 4642 14984 200 194 7 500 812 273 38 19582 80 65 27 88 78 515 98 543 1936 29 439 274
internal_value=0 0.00334444 0.00234362 0.000285319 -2.01517e-05 -0.00354706 -0.00264532 0.00262155 0.00410723 0.00760987 0.0279208 0.0512987 0.0146833 0.00979 0.0143198 -0.00683714 -0.100159 -0.0192223 0.0657264 -0.00274661 0.00564029 -0.00434501 -0.044649 0.00668506 0.026797 0.00590937 -0.0118564 0.0196907 0.0459699 0.0316391
internal_weight=0 24046.5 22096.2 15886.8 15788.9 6761.6 6627.82 9027.34 7712.75 6209.33 270.415 154.257 1950.31 1342.46 1055.04 287.426 12.0696 483.377 13.3574 275.356 229.434 194.027 45.9221 5938.92 220.55 5718.37 389.552 113.807 87.1872 82.9477
internal_count=92630 92388 89898 70379 70331 43592 42447 26739 22162 19519 701 394 2490 1888 1312 576 45 19698 116 531 388 361 143 18818 613 18205 3221 1285 742 713
cat_boundaries=0 1 2
cat_threshold=2161 192
is_linear=0
shrinkage=0.05


Tree=73
num_leaves=31
num_cat=0
split_feature=6 7 4 3 5 4 5 4 5 5 3 3 3 4 5 5 3 3 5 3 3 5 5 3 3 4 3 3 5 4
split_gain=257.017 79.6735 60.9433 154.569 89.122 78.1876 77.9494 70.598 69.1574 101.326 75.144 114.835 70.7032 69.1897 58.6542 119.099 66.6853 73.8967 61.5504 64.4169 55.0794 55.3407 54.8022 96.5425 57.3036 161.054 74.1209 53.1136 52.2842 51.665
threshold=1.0000000180025095e-35 1.0000000180025095e-35 0.0032515000000000005 0.020919500000000004 85.135594721586855 0.0033350000000000003 84.404392199504017 0.0031410000000000001 172.51957490569839 177.64653731058817 0.038022500000000008 0.030745000000000005 0.07653900000000001 0.0045850000000000014 38.755323166117414 41.498645504170092 0.024409500000000004 0.026181500000000003 160.22630656363194 0.027416500000000003 0.020553000000000005 18.206306503604839 185.09669559927607 0.021115500000000002 0.028714500000000004 0.0033875000000000003 0.031145500000000003 0.020851000000000005 175.90930363448868 0.019431000000000004
decision_type=2 2 2 2 2 2 2 2 2 2 2 2 2 2 2 2 2 2 2 2 2 2 2 2 2 2 2 2 2 2
left_child=1 2 7 4 6 -5 27 -1 10 28 11 13 -12 -7 -15 -16 -17 -18 19 -19 -9 -22 23 -11 25 -24 -26 -4 -10 -28
right_child=-2 -3 3 5 -6 8 -8 20 9 22 12 -13 -14 14 15 16 17 18 -20 -21 21 -23 24 -25 26 -27 29 -29 -30 -31
leaf_value=0.0036778709925101489 0.051880460079517937 0.045082528292133606 0.0016699768798849259 0.028173298830907245 -0.049511166180177611 -0.017851768017957171 0.15884973305151531 0.019386864521108035 0.016836980644372321 0.1488223906291388 0.0007384052933825532 -0.042776607189630667 -0.065969145469899265 -0.058486692568807265 0.12139295853742127 0.069159601521613212 -0.06226987327415491 0.073421948583816662 0.060741352236588969 -0.010743235998531529 -0.093325137012246595 0.0037194520250866912 0.029923002335330545 -0.038045326503554758 0.034709054260569153 -0.057079263412547321 0.0024264953614829528 -0.091956731551999502 0.067545088729647096 0.028471180979518076
leaf_weight=11815.194166348781 274.0594071149826 112.93058215081692 133.72875497490168 263.07755672931671 241.88292478397489 494.372922770679 7.2552537135779849 1379.6616227701306 105.55545535217971 7.3324505388736716 5537.7340234913863 262.88219266012311 40.008779734373093 29.140350858680904 24.656332350336015 39.386047661304474 41.221071082167327 25.592806043103337 48.348242549225688 203.51707200799137 15.064775897189973 591.58296366967261 96.019860282540321 120.47561666555703 244.23381239082664 119.25892563723028 1655.7626293962821 17.082655277103186 98.057136118412018 215.15680405497551
leaf_count=33237 242 68 1339 372 2676 3110 16 1689 362 12 24118 7654 234 1489 101 118 986 1261 134 1417 84 1298 122 725 738 1819 6164 283 187 575
internal_value=0 0.00318424 0.00298604 2.87904e-05 -0.0304312 0.00128838 -0.00123395 0.00514411 0.000536647 0.00736134 -0.00215591 -0.0136816 0.000259916 -0.00524166 0.00989471 0.0151013 0.00778202 0.000196274 0.00947667 -0.00134153 0.0138658 0.00130956 0.00455378 -0.0273246 0.00630209 -0.018274 0.00880343 -0.00893527 0.0412573 0.00542165
internal_weight=0 23986.2 23873.2 10071.7 399.95 9671.79 158.067 13801.5 9408.71 2661.85 6746.86 1169.12 5577.74 906.235 411.862 382.722 358.065 318.679 277.458 229.11 1986.31 606.648 2458.24 127.808 2330.43 215.279 2115.15 150.811 203.613 1870.92
internal_count=92630 92388 92320 56012 4314 51698 1638 36308 51326 10704 40622 16270 24352 8616 5506 4017 3916 3798 2812 2678 3071 1382 10155 737 9418 1941 7477 1622 549 6739
is_linear=0
shrinkage=0.05


Tree=74
num_leaves=31
num_cat=0
split_feature=6 8 5 7 3 5 1 1 3 5 4 3 3 4 3 4 5 4 3 5 5 4 5 5 3 4 1 5 5 5
split_gain=245.634 98.1281 83.2567 87.7239 55.8811 48.3073 62.8427 53.1285 46.9986 39.2636 39.0477 42.2205 50.6276 34.6327 59.2342 52.4556 34.3086 44.8835 102.797 54.8773 139.3 49.0779 68.8898 82.1303 45.2343 78.4154 57.9733 80.2523 44.6133 64.6425
threshold=1.0000000180025095e-35 1.0000000180025095e-35 152.12593933029311 1.0000000180025095e-35 0.07653900000000001 146.9791303986909 205.15000000000003 261.10000000000008 0.044572000000000007 35.25753410801584 0.0077730000000000013 0.020458500000000004 0.020553000000000005 0.0033875000000000003 0.020458500000000004 0.0034880000000000002 141.98858618898055 0.010953000000000003 0.043168000000000005 46.9504345995962 44.287720074426694 0.011823500000000002 72.793362830776815 64.275068292314899 0.039972000000000008 0.0068850000000000005 458.40000000000003 112.16299456532965 14.104148331172334 25.437447386452721
decision_type=2 2 2 2 2 2 2 2 2 2 2 2 2 2 2 2 2 2 2 2 2 2 2 2 2 2 2 2 2 2
left_child=1 2 3 4 5 16 -7 8 13 -3 11 -11 -13 14 -8 -15 17 24 19 20 -19 22 23 -20 25 -1 -27 -28 -26 -30
right_child=-2 9 -4 -5 -6 6 7 -9 -10 10 -12 12 -14 15 -16 -17 -18 18 21 -21 -22 -23 -24 -25 28 26 27 -29 29 -31
leaf_value=0.00087303781045777306 0.051785392944523882 0.025507752169746219 0.0062631182887901184 0.049265897146241397 -0.06482561504265312 -0.10089227954820068 0.002942158297735292 -0.037662563972741127 -0.068757680592871281 -0.005939485519989453 -0.070707003426868628 0.028404963138724999 0.0061638467069717656 0.16129893424238329 -0.11540055387205524 0.020716030662026548 0.014357883577227823 -0.051751402309149902 -0.023589066689282019 -0.055303953952013533 0.11476655776439432 0.0014295573128283057 -0.051208315875959122 0.06557908761413582 -0.076176851243030613 -0.03022953602125111 -0.050652868374025599 0.20959010668574238 0.092635463361639872 0.014878702785327814
leaf_weight=11157.906312012114 261.15987145900726 526.73763018101454 7737.5326233599335 89.151699297130108 33.669659189879894 21.508447960019112 96.570212230086327 135.47003905288875 21.278211168944836 308.4144644588232 15.019193902611731 426.65632442757487 639.19164982438087 7.1732446923851958 11.873859889805315 88.496515709906816 412.2946396600455 39.193562297616154 89.276348754763603 159.4714813628234 18.481745054014027 1090.7742689615116 116.23126406222582 36.333974435925484 12.152872141450642 275.66037069540471 5.7818612158298475 6.0748589951545 29.112971909344196 326.40433884039521
leaf_count=33360 242 522 24756 44 207 105 130 1259 242 610 77 429 852 14 66 308 1395 2573 796 5102 158 9291 663 105 70 7563 505 80 85 1021
internal_value=0 0.0030306 0.00208616 -0.000177042 -0.000487652 -0.000334642 -0.0178649 -0.0129162 0.00195733 0.0138835 0.0094763 0.0103526 0.0150669 0.00932915 -0.0100155 0.0312568 0.000151963 -0.000286344 -0.00828676 -0.0401877 0.00160839 -0.00308857 -0.0234666 0.00220367 0.000763234 0.000208691 -0.0255732 0.0826841 0.0180259 0.0212461
internal_weight=0 23933.9 22017.9 14280.3 14191.2 14157.5 382.371 360.862 225.392 1916.02 1389.28 1374.26 1065.85 204.114 108.444 95.6698 13775.2 13362.9 1549.76 217.147 57.6753 1332.62 241.842 125.61 11813.1 11445.4 287.517 11.8567 367.67 355.517
internal_count=92630 92388 89898 65142 65098 64891 2124 2019 760 2490 1968 1891 1281 518 196 322 62767 61372 18688 7833 2731 10855 1564 901 42684 41508 8148 585 1176 1106
is_linear=0
shrinkage=0.05


Tree=75
num_leaves=31
num_cat=0
split_feature=6 1 3 7 3 8 0 3 3 1 3 3 1 3 3 0 3 4 4 0 3 4 1 3 3 3 0 0 3 3
split_gain=241.01 66.8235 64.958 73.5325 53.6255 39.6636 36.4771 36.3038 37.8949 35.6103 102.259 36.9903 44.0356 63.2424 40.2465 61.0334 56.9016 46.1506 31.0876 27.7439 60.5679 26.5584 27.5317 25.5735 63.7304 24.9144 24.6654 23.3706 22.6127 87.8131
threshold=1.0000000180025095e-35 312.10000000000008 0.020553000000000005 1.0000000180025095e-35 0.014899000000000001 1.0000000180025095e-35 1.8650000000000002 0.020458500000000004 0.0202845 393.30000000000001 0.010317000000000002 0.011827500000000003 350.80000000000001 0.020264000000000001 0.014443500000000003 1.0550000000000004 0.014651000000000003 0.0015465000000000003 0.016054000000000002 1.0650000000000002 0.014899000000000001 0.014408000000000002 318.40000000000003 0.058474500000000006 0.053048000000000005 0.0019975000000000006 1.2350000000000001 1.0450000000000002 0.010738500000000002 0.010638500000000002
decision_type=2 2 2 2 2 2 2 2 2 2 2 2 2 2 2 2 2 2 2 2 2 2 2 2 2 2 2 2 2 2
left_child=1 2 4 6 -1 -6 23 8 -7 10 27 -12 13 -13 17 -16 -17 -14 -8 -18 -21 22 26 24 -4 -11 -15 -3 29 -27
right_child=-2 9 3 -5 5 7 18 -9 -10 25 11 12 14 21 15 16 19 -19 -20 20 -22 -23 -24 -25 -26 28 -28 -29 -30 -31
leaf_value=-0.041928835321532895 0.051693690414120308 -0.057505663085481197 5.1223236354845777e-05 0.050367548288641463 0.0069134808550256124 0.011249742114773123 0.012079521970614134 0.026343038340013381 -0.043082265199181145 -0.066022526117584968 0.0031746524717602255 -0.056372436710433182 -0.0068734811746856478 -0.066200333623049071 -0.052396166224383249 0.094069907010771545 0.027418282577064898 -0.04743259935606213 -0.022385296737353212 0.020403678838260914 -0.02454488734907723 -0.051726451787821495 0.035199302895636116 0.0090134522786189525 -0.060404386699535108 -1.7933043530392591e-05 0.00075160567604797045 -0.022716020593838787 -0.0054266709901837247 0.025767980677962845
leaf_weight=53.416199043393135 254.78635084629059 103.99564188718796 8889.1446868488565 77.586101017892361 6196.6333056166768 349.7113281339407 1071.657841887325 541.94867470115423 35.335658103227615 13.619046479463575 1069.084310978651 111.22142495773733 303.89608699083328 17.754632487893105 41.825792794115841 19.607158333063126 118.39886912330985 91.179133051540703 69.68437310680747 156.21189816296101 144.06491075176746 26.710926971863955 43.570534468628466 813.75227695703506 43.807473829947412 2030.6768103316426 61.084784135222435 90.094805978238583 820.82786498265341 394.27193006873131
leaf_count=158 248 977 35217 37 8886 486 2507 572 87 75 2288 2599 1396 99 2708 31 3638 2173 322 161 791 1350 748 2932 407 8206 122 792 12321 429
internal_value=0 0.00280462 0.00428415 0.00186372 0.00798226 0.00835651 0.0015181 0.0180027 0.00626371 -0.00193949 -0.00656333 -0.00350018 -0.00978445 -0.0278375 -0.00441418 0.00531227 0.0108194 -0.0162341 0.00997528 0.00692071 -0.00116146 -0.00655482 0.00330203 0.000527756 -0.000245253 0.00146335 -0.014326 -0.0413567 0.00174652 0.00417459
internal_weight=0 23800.8 18142.7 10965.6 7177.05 7123.63 10888 926.996 385.047 5658.1 2398.7 2204.61 1135.53 260.342 875.184 480.109 438.283 395.075 1141.34 418.676 300.277 149.121 122.41 9746.7 8932.95 3259.4 78.8394 194.09 3245.78 2424.95
internal_count=92763 92515 51611 41422 10189 10031 41385 1145 573 40904 19873 18104 15816 4918 10898 7329 4621 3569 2829 4590 952 2319 969 38556 35624 21031 221 1769 20956 8635
is_linear=0
shrinkage=0.05


Tree=76
num_leaves=31
num_cat=2
split_feature=1 7 3 2 3 8 3 3 1 3 3 2 1 0 0 0 0 1 3 4 4 3 3 3 0 1 3 4 8 3
split_gain=74.2492 56.2151 44.632 61.9071 48.4699 37.1291 34.3756 33.8906 32.485 95.9359 33.8225 70.2838 35.2907 90.0776 33.0375 36.7788 31.9941 38.6164 28.2223 25.3979 43.0099 26.3328 23.2899 23.2233 23.1813 20.7752 20.7226 60.9336 26.9065 26.1947
threshold=312.10000000000008 1.0000000180025095e-35 0.020553000000000005 0 0.014899000000000001 1.0000000180025095e-35 0.020458500000000004 0.0202845 393.30000000000001 0.010317000000000002 0.011827500000000003 1 366.35000000000008 1.0750000000000004 1.0550000000000004 1.0650000000000002 1.2050000000000003 318.40000000000003 0.058474500000000006 0.016054000000000002 0.021966500000000003 0.038022500000000008 0.0019975000000000006 0.036003000000000007 1.0450000000000002 386.90000000000003 0.0021455000000000003 0.0007130000000000002 1.0000000180025095e-35 0.010738500000000002
decision_type=2 2 2 9 2 2 2 2 2 2 2 9 2 2 2 2 2 2 2 2 2 2 2 2 2 2 2 2 2 2
left_child=1 2 4 19 -1 -6 7 -7 9 24 -11 12 16 25 -13 -16 -12 -18 -5 21 -21 -4 -10 -17 -2 -14 -24 28 -28 -29
right_child=8 -3 3 18 5 6 -8 -9 22 10 11 14 13 -15 15 23 17 -19 -20 20 -22 -23 26 -25 -26 -27 27 29 -30 -31
leaf_value=-0.039867343457980021 -0.05709708877324169 0.044306359661092726 -0.0020786172288979631 -0.0021922052626147446 0.0065668401112961338 0.010746053364308731 0.025627122013755027 -0.040295199336587706 -0.065007348622123151 0.0030171268127012004 -0.056621548818218917 -0.051598045575520571 -0.060739027783644386 0.086128232427331919 0.025440264922024426 -0.0026554538460218042 -0.065173151300912432 0.031771283308856493 0.010993473075875939 -0.024344168472111974 0.005658321532703476 0.0088354914894875191 0.014306720779657799 -0.051810268496142134 -0.021945467992513373 -0.010184342936387512 -0.031136190883801759 0.005505391792489208 0.046803670661934534 -0.0051696081343095635
leaf_weight=53.370388612151146 99.613647185266018 89.189931064844131 633.66279880236834 5182.2964862999506 6162.1463135704398 347.8466329947114 529.55366368219256 35.876192033290863 13.151980042457579 1068.6675702892244 137.41373508470133 32.208664739504457 34.813209985382855 20.324521169066429 121.15043414849788 661.7663453463465 17.148113049566746 25.618593662977219 440.292799949646 175.08788980636746 375.92054070532322 4323.4443893460557 294.62309519946575 24.934105414897203 88.633198291063309 48.819814145565033 185.07973180525005 1928.4027522951365 11.777988255023955 818.61995306843892
leaf_count=158 977 53 1386 25102 8870 486 572 87 75 2288 4384 2483 528 31 3638 3166 99 41 1810 2944 1122 9269 399 1288 792 158 2379 5840 17 12321
internal_value=0 0.0047077 0.00451427 0.00253596 0.00760316 0.00796124 0.0173696 0.00597395 -0.00185512 -0.00629236 -0.00335181 -0.00940616 -0.0304124 -0.00828418 -0.00191626 4.08076e-05 -0.0448675 -0.00710041 -0.0011576 0.00629695 -0.00387524 0.00744035 0.00139417 -0.00444027 -0.0405465 -0.0312283 0.00166383 0.000398536 -0.0264731 0.00232421
internal_weight=0 18348.7 18259.5 11130.7 7128.79 7075.42 913.276 383.723 5632.77 2381.11 2192.87 1124.2 284.138 103.958 840.06 807.851 180.18 42.7667 5622.59 5508.12 551.008 4957.11 3251.66 686.7 188.247 83.633 3238.5 2943.88 196.858 2747.02
internal_count=92763 51859 51806 41633 10173 10015 1145 573 40904 19873 18104 15816 5241 717 10575 8092 4524 140 26912 14721 4066 10655 21031 4454 1769 686 20956 20557 2396 18161
cat_boundaries=0 1 2
cat_threshold=452 36
is_linear=0
shrinkage=0.05


Tree=77
num_leaves=31
num_cat=2
split_feature=6 8 7 5 4 5 5 5 3 4 5 5 4 5 2 5 2 4 3 5 3 3 5 4 5 3 3 4 4 3
split_gain=229.562 51.7979 51.3371 52.2618 75.6933 48.5313 56.7792 86.1299 54.0129 60.7879 57.0359 48.335 56.6466 47.1886 43.9736 42.8967 42.2212 43.0854 91.0241 126.885 69.237 53.2119 46.656 62.5133 53.9219 49.0233 57.6088 38.9326 36.2448 41.723
threshold=1.0000000180025095e-35 1.0000000180025095e-35 1.0000000180025095e-35 78.411713472047865 0.017517500000000002 70.56529304358989 69.84512352536818 68.489583414186541 0.010317000000000002 0.0031485000000000007 71.279730843890761 72.793362830776815 0.011091000000000002 1414.8047806152824 0 77.024927101808103 1 0.0012805000000000002 0.0071425000000000004 91.998693851860523 0.0073745000000000008 0.013420500000000002 508.42848115258965 0.0030355000000000004 361.5502871447116 0.048131500000000001 0.045596500000000005 0.0077730000000000013 0.0082270000000000017 0.040754500000000006
decision_type=2 2 2 2 2 2 2 2 2 2 2 2 2 2 9 2 9 2 2 2 2 2 2 2 2 2 2 2 2 2
left_child=1 2 3 4 5 6 7 -1 -7 -10 -11 12 -12 16 -9 -6 -5 18 -18 -20 -21 -19 24 -24 -23 26 -25 -3 29 -13
right_child=-2 27 -4 13 15 8 -8 14 9 10 11 28 -14 -15 -16 -17 17 21 19 20 -22 22 23 25 -26 -27 -28 -29 -30 -31
leaf_value=0.00036648339919187332 0.051594217620614828 0.011257276997323731 0.037458172160254516 -0.00019383174296065502 -0.055328660420997058 -0.060211576736968322 0.034491503398147542 -0.0022534733991065484 0.0044927568152793359 -0.10880670229621646 -0.020551879486198531 -0.029771187252181704 0.061444849149972461 -0.043062595228414768 -0.069664348104217552 0.040502493507398978 0.012308456837561071 0.028607008727341593 0.038027096864724858 -0.14082992854488779 -0.036238950428975972 0.0053587205216120669 -0.12332778463903618 -0.013679683158183903 0.023897135147711392 -0.085973265092102832 0.072844555979954498 -0.069549429176616093 -0.06793459694566624 0.052834626554845825
leaf_weight=6107.2732404773124 240.74745726585388 1818.0887478739023 100.72195490077138 4919.6686395229772 94.188048036769032 56.590420069172978 118.73873328138143 50.020486332476139 367.17414669692516 19.226911326404661 54.862144221551716 139.83405082952231 34.18910551443696 54.438941082917154 57.006892497185618 13.330208851024507 287.17983348667622 261.0793095678091 59.27926205098629 17.070132851600647 216.58460891246796 8129.993395739235 13.238245278596876 141.36732051149011 412.13108424842358 19.396816104650497 22.268010333180428 15.029128707945345 54.914247607812285 17.162087351083755
leaf_count=28424 248 2439 77 29139 2943 471 316 137 960 199 241 540 161 353 505 69 359 220 113 75 829 21548 51 419 739 84 44 80 969 11
internal_value=0 0.00252188 0.00184426 0.00167925 -0.00181006 -0.00117747 0.000241661 -0.000412763 -0.0132581 -0.00939245 -0.0253152 -0.0199814 0.0109288 0.00340176 -0.0448787 -0.0434474 0.00357621 0.0055068 -0.00769474 -0.027305 -0.0438801 0.00636391 0.00569934 -0.0184032 0.00625314 -0.0108143 -0.00190519 0.0105948 -0.0329708 -0.0207411
internal_weight=0 23672 21838.9 21738.2 7184.51 7076.99 6333.04 6214.3 743.953 687.363 320.189 300.962 89.0512 14553.7 107.027 107.518 14499.3 9579.59 580.114 292.934 233.655 8999.47 8738.39 196.27 8542.12 183.032 163.635 1833.12 211.91 156.996
internal_count=92763 92515 89996 89919 35946 32934 29382 29066 3552 3081 2121 1922 402 53973 642 3012 53620 24481 1376 1017 904 23105 22885 598 22287 547 463 2519 1520 551
cat_boundaries=0 1 2
cat_threshold=512 3125
is_linear=0
shrinkage=0.05


Tree=78
num_leaves=31
num_cat=1
split_feature=6 1 7 8 5 0 5 5 1 5 5 2 5 1 1 5 5 5 0 0 5 5 5 5 1 1 5 1 1 1
split_gain=219.181 51.4022 51.5723 37.7202 69.3834 57.2842 35.4124 49.7451 43.7397 43.2493 84.8054 38.2539 90.9972 65.9636 101.73 130.892 49.814 48.2627 47.1999 146.865 144.632 107.75 84.8819 76.9775 34.9205 32.9524 32.8437 40.9507 61.3434 57.5361
threshold=1.0000000180025095e-35 312.10000000000008 1.0000000180025095e-35 1.0000000180025095e-35 31.783487999943102 1.4350000000000003 32.454519844516177 7.6834205258396162 393.30000000000001 60.71851761950149 61.395046438483334 0 31.075531756236931 424.05000000000007 423.00000000000006 18.206306503604839 11.452606049019073 9.5760702461192277 1.0550000000000004 1.0650000000000002 24.687498797708372 29.073699082530222 26.957125350559739 28.400041913036571 392.2000000000001 378.30000000000001 428.57269638143396 476.00000000000006 420.80000000000007 415.10000000000008
decision_type=2 2 2 2 2 2 2 2 2 2 2 9 2 2 2 2 2 2 2 2 2 2 2 2 2 2 2 2 2 2
left_child=1 2 3 4 5 -1 7 -3 9 25 -11 12 17 14 16 -16 -13 -9 -18 20 -20 23 -21 -22 -12 -8 -10 28 29 -28
right_child=-2 6 -4 -5 -6 -7 8 11 26 10 24 13 -14 -15 15 -17 18 -19 19 22 21 -23 -24 -25 -26 -27 27 -29 -30 -31
leaf_value=-0.062923129564904326 0.051514054931088897 -0.055607987925006187 0.042749653360163183 0.010487529251550425 0.0038439885640702133 -0.0055271043373673898 -0.020020022331282115 0.10294243279408964 -0.00026891026106779328 0.10043613554328941 -0.0058310168168999726 -0.072751820799440828 0.16891549334765266 -0.056058617773869127 0.42166320288653458 -0.055042185032538972 -0.0027928273330951117 0.0071176740302706489 -0.050791707911030159 0.03777950120252864 0.27847402403556915 -0.050857159975467782 -0.079193103416406133 0.62456142126977832 -0.056933165411183539 -0.070309488197985784 0.0052291714324216752 0.063664355011923801 -0.073009820345605644 0.10887551068797925
leaf_weight=44.7252017557621 229.35343426465988 26.309267974458635 84.150684390217066 1750.655373133719 14596.902206130326 1551.6366740483791 236.52075686585158 16.487861380912364 2798.7805064949207 18.634268613532186 1843.3073824145831 17.044637966901064 13.029912228696046 37.25404003309086 3.4030242040753356 2.4962339922785759 164.27621344150975 64.713606074918061 4.0632759127765885 101.85263936780393 4.8853490669280273 1.6901614665985105 18.294877925887704 2.3940419182181358 34.047966100275517 37.776806822512299 71.312874569557607 44.910270359367132 19.665093388408422 16.484990894794464
leaf_count=984 248 649 53 2351 41895 6328 2547 37 17688 92 13774 360 56 1064 10 30 1269 633 265 439 69 102 215 14 338 625 192 146 278 12
internal_value=0 0.0023988 0.00369854 0.0035154 0.00276164 -0.00713517 -0.00178571 0.0112268 -0.00300071 -0.00838897 -0.00570428 0.015118 0.0418191 0.00672573 0.0142358 0.219948 0.0103771 0.0265748 0.0151405 0.0372611 0.196683 0.30879 0.0199681 0.392295 -0.00675781 -0.026946 0.00096184 0.0235682 0.00681141 0.0246899
internal_weight=0 23627.7 18028.1 17943.9 16193.3 1596.36 5599.64 478.195 5121.44 2170.29 1895.99 451.886 94.2314 357.654 320.4 5.89926 314.501 81.2015 297.457 133.18 13.0328 8.96955 120.148 7.27939 1877.36 274.298 2951.15 152.373 107.463 87.7979
internal_count=92763 92515 51611 51558 49207 7312 40904 5212 35692 17376 14204 4563 726 3837 2773 40 2733 670 2373 1104 450 185 654 83 14112 3172 18316 628 482 204
cat_boundaries=0 1
cat_threshold=33
is_linear=0
shrinkage=0.05


Tree=79
num_leaves=31
num_cat=1
split_feature=6 0 3 7 0 5 5 5 3 3 5 4 0 5 5 5 5 3 5 5 2 5 5 5 3 3 0 4 3 5
split_gain=209.256 46.7193 52.7057 59.091 47.9749 44.469 77.9783 65.582 69.4557 57.9484 35.2595 31.1583 30.4689 60.8047 30.1941 46.581 29.5921 60.9089 131.298 62.5541 47.97 80.2193 56.9602 86.2109 52.3853 75.6924 53.2307 43.3708 41.9236 39.5084
threshold=1.0000000180025095e-35 1.2350000000000001 0.020553000000000005 1.0000000180025095e-35 1.1950000000000001 508.42848115258965 706.81525135305162 249.56083018496517 0.014899000000000001 0.020264000000000001 40.194077114622544 0.014408000000000002 1.8650000000000002 461.15276658289253 14.104148331172334 4.5797175450479992 32.454519844516177 0.030875500000000004 24.687498797708372 29.073699082530222 0 31.075531756236931 11.452606049019073 20.604652958465802 0.0085970000000000022 0.008402500000000002 1.1850000000000003 0.00086100000000000011 0.012942500000000001 33.921867283510856
decision_type=2 2 2 2 2 2 2 2 2 2 2 2 2 2 2 2 2 2 2 2 9 2 2 2 2 2 2 2 2 2
left_child=1 4 5 12 11 7 9 8 10 -7 -3 16 14 -14 15 -4 17 20 -19 -20 21 28 -22 27 25 -25 -26 -24 -1 -18
right_child=-2 2 3 -5 -6 6 -8 -9 -10 -11 -12 -13 13 -15 -16 -17 29 18 19 -21 22 -23 23 24 26 -27 -28 -29 -30 -31
leaf_value=0.038496478169848469 0.051438037594679353 0.015986554947546822 0.024849392154581259 0.047535374509155612 -0.036556429874051659 -0.22296430206773268 -0.0039745465579025521 0.02048644014701664 0.0059346133187218528 -0.039287326691609864 -0.089200157000113495 -0.051857966922589961 0.010089955185108888 -0.093357549841633747 0.0005310292229630531 -0.032733203110317917 -0.074471221675197666 -0.050617132438410817 0.2427716527414755 -0.050702832065542172 -0.060131216958775047 0.15181530839619284 -0.042865120838936316 -0.03429165495316832 -0.065729585906313268 0.068188968617034162 0.01774742916078002 0.042528255831229413 -0.051860454773271052 -0.0017076005391438373
leaf_weight=68.600171282887459 218.48201900720596 10.995420321822165 45.823130823671818 68.757731430232525 97.202582016587257 8.0086784660816193 60.327973209321499 828.27879428863525 6185.1297604963183 9.2581218406558037 28.925923377275467 30.087767902296036 1122.7230546586215 14.386883191764353 9528.9622070137411 150.37660751771182 18.726333026774228 9.4598271548748034 10.903849349357186 2.1785185369662932 37.629946183878928 13.75232606846839 16.771645940840244 39.223433438688517 71.224870541132987 33.328013390302658 26.093462154269218 131.08706511696801 15.792688936460761 4913.9463756084442
leaf_count=91 248 17 270 37 612 47 95 876 9136 21 119 1579 2761 68 36897 1389 280 895 151 178 594 56 126 262 1000 52 42 762 680 33422
internal_value=0 0.00227909 0.00351077 0.00132925 -0.00173942 0.00685483 -0.0307901 0.00726897 0.00551031 -0.12448 -0.0602289 -0.00111717 0.00103677 0.00878112 0.00013126 -0.0192846 -0.000834908 0.01107 0.0912892 0.193901 0.00708261 0.036152 -0.00190955 0.00492579 -0.0193732 0.0127849 -0.0433473 0.0328421 0.0215877 -0.00198384
internal_weight=0 23598 18062 10931 5536.01 7130.92 77.5948 7053.33 6225.05 17.2668 39.9213 5438.81 10862.3 1137.11 9725.16 196.2 5408.72 476.046 22.5422 13.0824 453.504 98.1452 355.358 317.728 169.87 72.5514 97.3183 147.859 84.3929 4932.67
internal_count=92763 92515 51733 41422 40782 10311 163 10148 9272 68 136 40170 41385 2829 38556 1659 38591 4889 1224 329 3665 827 2838 2244 1356 314 1042 888 771 33702
cat_boundaries=0 1
cat_threshold=33
is_linear=0
shrinkage=0.05


Tree=80
num_leaves=31
num_cat=0
split_feature=6 7 4 3 5 5 4 5 3 5 5 4 5 5 5 5 5 4 5 5 3 5 5 4 0 0 5 5 5 5
split_gain=199.079 38.1646 29.4228 78.2784 57.854 90.3169 56 63.7437 53.8459 71.3363 51.9945 59.2346 97.5843 44.992 332.687 48.2344 90.384 60.3439 46.7959 44.3512 104.248 84.0385 57.5441 61.4837 44.0325 55.5904 43.8848 41.6824 104.034 41.0392
threshold=1.0000000180025095e-35 1.0000000180025095e-35 0.0091685000000000013 0.044034500000000011 234.91122439578035 361.5502871447116 0.0070645000000000005 216.96953877380855 0.07653900000000001 585.18100397650528 79.157246244287066 0.016054000000000002 72.793362830776815 123.88608065021381 125.92291271453382 46.9504345995962 44.287720074426694 0.015184500000000002 211.59035055146066 69.84512352536818 0.059053000000000008 64.935263944017308 60.71851761950149 0.014911000000000002 1.0350000000000004 1.0050000000000001 73.476410192120639 10.536170441686531 9.5760702461192277 38.755323166117414
decision_type=2 2 2 2 2 2 2 2 2 2 2 2 2 2 2 2 2 2 2 2 2 2 2 2 2 2 2 2 2 2
left_child=1 2 6 13 10 -6 -1 -8 9 -7 11 12 19 15 -15 16 -4 -18 24 21 -21 22 23 27 25 -16 -13 28 -5 -25
right_child=-2 -3 3 4 5 8 7 -9 -10 -11 -12 26 -14 14 18 -17 17 -19 -20 20 -22 -23 -24 29 -26 -27 -28 -29 -30 -31
leaf_value=0.0028273083651053042 0.051366406812206791 0.036085287169153338 -0.029380841361528305 -0.057621248843675678 -0.035216130399529068 0.023861373291897154 0.025220609467685225 -0.026392543402941438 0.092174955136254691 -0.043460259043260903 0.010016438528762665 -0.054561635066100192 -0.072109895291314785 0.19902209424262224 -0.052116195504548914 -0.045843217086091466 -0.052773441545984567 0.13594451625672163 -0.0025885394370735591 0.088320087754183207 -0.094194387772149238 -0.071420143876686853 0.052938176639430748 -0.052827720966826953 -0.04118675474030721 0.13780756461121463 0.0096519740631730803 -0.01223548080203584 0.24688242215449493 0.066724201011103046
leaf_weight=19337.417841038667 211.53506195545197 85.009120248258114 70.677576662506908 5.9522687643766385 237.7034225910902 122.13499088212848 488.96704615745693 68.16025916300714 18.306130960583687 58.053531389683485 1707.5769873466343 94.551600608974695 42.154285602271557 18.945544358342886 7.3892732001841042 190.11631737882271 5.7304138885810998 16.241875156760216 315.2466537617147 39.491908745840192 9.7566107362508756 35.699829000979662 62.018472921103239 8.4541824823245388 174.279037354514 8.0504125952720642 37.026789382100105 282.47855349816382 5.3049273192882538 47.567279852926731
leaf_count=53396 252 69 4262 79 1151 364 4034 706 13 323 7799 2947 290 136 360 7373 213 53 2514 80 44 240 185 337 3183 23 286 1849 15 184
internal_value=0 0.00264394 0.00252305 -0.00162261 0.00231337 -0.0144254 0.00327758 0.0189061 0.0104721 0.00217154 0.00538373 -0.00641526 0.000928515 -0.0153539 -0.00667886 -0.0314271 -0.00184551 0.0867265 -0.0143965 0.00712689 0.0521622 0.00217037 0.00855047 0.000679697 -0.0340171 0.046912 -0.0364916 -0.00847546 0.0858754 0.0486827
internal_weight=0 23600.5 23515.5 3620.91 2814.23 436.198 19894.5 557.127 198.495 180.189 2378.03 670.457 538.878 806.677 523.911 282.766 92.6499 21.9723 504.965 496.724 49.2485 447.476 411.776 349.757 189.719 15.4397 131.578 293.736 11.2572 56.0215
internal_count=92760 92508 92439 34303 16186 1851 58136 4740 700 687 14335 6536 3303 18117 6216 11901 4528 266 6080 3013 124 2889 2649 2464 3566 383 3233 1943 94 521
is_linear=0
shrinkage=0.05


Tree=81
num_leaves=31
num_cat=0
split_feature=6 8 4 3 0 4 3 0 3 3 3 4 3 4 3 3 4 4 1 4 3 1 4 3 3 4 4 4 1 1
split_gain=190.189 34.4442 21.6651 31.6751 25.3358 28.0039 38.1266 28.3118 24.578 22.847 20.7173 19.256 68.0493 44.0522 42.2068 37.7518 30.9393 87.0921 27.3135 47.9619 44.6204 38.231 64.7703 46.3073 38.5431 66.9583 71.4455 35.9954 50.5841 29.2148
threshold=1.0000000180025095e-35 1.0000000180025095e-35 0.0031410000000000001 0.020553000000000005 1.8300000000000003 0.0033100000000000004 0.020986500000000002 1.7950000000000002 0.020755000000000006 0.020200000000000006 0.0019975000000000006 0.0091685000000000013 0.044034500000000011 0.0070645000000000005 0.043168000000000005 0.039514500000000008 0.010308500000000002 0.010852500000000003 431.4500000000001 0.00079750000000000014 0.0021455000000000003 415.10000000000008 0.00092000000000000014 0.0092405000000000022 0.0073745000000000008 0.0011325 0.00098300000000000015 0.0010950000000000003 419.25000000000006 424.85000000000008
decision_type=2 2 2 2 2 2 2 2 2 2 2 2 2 2 2 2 2 2 2 2 2 2 2 2 2 2 2 2 2 2
left_child=1 10 9 -4 5 6 8 -7 -5 -3 -1 13 14 15 -13 18 -14 -18 19 -12 -20 24 -23 -24 -21 26 -26 -25 -29 -30
right_child=-2 2 3 4 -6 7 -8 -9 -10 -11 11 12 16 -15 -16 -17 17 -19 20 21 -22 22 23 27 25 -27 -28 28 29 -31
leaf_value=-0.063887577224795628 0.051297993641407219 0.013714744560716811 0.022475464446783184 0.0093274316289988814 0.024948815389682438 -0.021973007663175538 0.034268490747958166 0.01117367633006266 -0.027770429668992777 -0.0078097365160394103 -0.04286511569462681 -0.010977664619243871 -0.023179477319417875 0.018478409608852556 -0.055261581489963699 -0.016691480489373814 0.060035045461578146 0.001986999268098995 0.010422966477855511 0.015182619727930594 -0.01381998463898643 -0.055956493592714644 -0.05625661618891286 0.056657486037574346 -0.0076450314323335952 0.0029621630929031299 -0.060460086566860777 0.06045262840381406 -0.055925384553195581 0.011533087247721008
leaf_weight=11.937361955642698 201.47995716333389 201.7149965018034 500.89242483302951 166.87968098372221 147.86899679154158 176.71063401550055 119.55063892900944 101.37937790155411 60.954292476177216 317.06599377095699 56.772896640002728 744.09187240386382 113.98571931198239 429.84646150795743 57.999987139366567 258.43032931908965 66.247445061802864 2624.7300475733355 279.09203992784023 610.53243407607079 593.26881927158684 24.486908618360758 14.894612476229666 103.87663380429149 409.80076524987817 15172.322372035123 75.89046549052 44.805002599954605 21.238267309963703 65.697932569310069
leaf_count=71 252 365 584 204 137 386 89 119 118 518 349 17109 642 4595 1008 1291 97 15400 396 786 6952 297 167 497 1673 36874 722 68 267 727
internal_value=0 0.00251197 0.00917324 0.0126802 0.00633577 0.00193544 0.0114013 -0.00988919 -0.000597664 0.000559519 0.00196358 0.0019997 -0.00133715 0.00266245 -0.0141799 0.00227903 0.00233528 0.00341605 0.00255961 0.00301279 -0.006064 0.00317023 0.0216575 0.029244 0.00285773 0.00237716 -0.0158975 0.034649 0.0172954 -0.00494683
internal_weight=0 23573 1793.02 1274.24 773.344 625.475 347.385 278.09 227.834 518.781 21779.9 21768 3607.06 18161 802.092 17731.1 2804.96 2690.98 17472.7 16600.3 872.361 16543.5 274.999 250.512 16268.5 15658 485.691 235.618 131.741 86.9362
internal_count=92760 92508 2520 1637 1053 916 411 505 322 883 89988 89917 34256 55661 18117 51066 16139 15497 49775 42427 7348 42078 2023 1726 40055 39269 2395 1559 1062 994
is_linear=0
shrinkage=0.05


end of trees

feature_importances:
footprint_area_m2=678
T30_I55_PS=606
T30_I60_PS=546
ARV=184
AVS=146
JCODE=113
GSI_tsunami=76
GSI_fire=56
GSI_slope_failure=55

parameters:
[boosting: gbdt]
[objective: binary]
[metric: auc]
[tree_learner: serial]
[device_type: cpu]
[data_sample_strategy: bagging]
[data: ]
[valid: ]
[num_iterations: 82]
[learning_rate: 0.05]
[num_leaves: 31]
[num_threads: 0]
[seed: 42]
[deterministic: 0]
[force_col_wise: 0]
[force_row_wise: 0]
[histogram_pool_size: -1]
[max_depth: -1]
[min_data_in_leaf: 20]
[min_sum_hessian_in_leaf: 0.001]
[bagging_fraction: 0.8]
[pos_bagging_fraction: 1]
[neg_bagging_fraction: 1]
[bagging_freq: 5]
[bagging_seed: 400]
[feature_fraction: 0.8]
[feature_fraction_bynode: 1]
[feature_fraction_seed: 30056]
[extra_trees: 0]
[extra_seed: 12879]
[early_stopping_round: 0]
[first_metric_only: 0]
[max_delta_step: 0]
[lambda_l1: 0]
[lambda_l2: 0]
[linear_lambda: 0]
[min_gain_to_split: 0]
[drop_rate: 0.1]
[max_drop: 50]
[skip_drop: 0.5]
[xgboost_dart_mode: 0]
[uniform_drop: 0]
[drop_seed: 17869]
[top_rate: 0.2]
[other_rate: 0.1]
[min_data_per_group: 100]
[max_cat_threshold: 32]
[cat_l2: 10]
[cat_smooth: 10]
[max_cat_to_onehot: 4]
[top_k: 20]
[monotone_constraints: ]
[monotone_constraints_method: basic]
[monotone_penalty: 0]
[feature_contri: ]
[forcedsplits_filename: ]
[refit_decay_rate: 0.9]
[cegb_tradeoff: 1]
[cegb_penalty_split: 0]
[cegb_penalty_feature_lazy: ]
[cegb_penalty_feature_coupled: ]
[path_smooth: 0]
[interaction_constraints: ]
[verbosity: -1]
[saved_feature_importance_type: 0]
[use_quantized_grad: 0]
[num_grad_quant_bins: 4]
[quant_train_renew_leaf: 0]
[stochastic_rounding: 1]
[linear_tree: 0]
[max_bin: 255]
[max_bin_by_feature: ]
[min_data_in_bin: 3]
[bin_construct_sample_cnt: 200000]
[data_random_seed: 175]
[is_enable_sparse: 1]
[enable_bundle: 1]
[use_missing: 1]
[zero_as_missing: 0]
[feature_pre_filter: 1]
[pre_partition: 0]
[two_round: 0]
[header: 0]
[label_column: ]
[weight_column: ]
[group_column: ]
[ignore_column: ]
[categorical_feature: 2]
[forcedbins_filename: ]
[precise_float_parser: 0]
[parser_config_file: ]
[objective_seed: 16083]
[num_class: 1]
[is_unbalance: 0]
[scale_pos_weight: 32.44]
[sigmoid: 1]
[boost_from_average: 1]
[reg_sqrt: 0]
[alpha: 0.9]
[fair_c: 1]
[poisson_max_delta_step: 0.7]
[tweedie_variance_power: 1.5]
[lambdarank_truncation_level: 30]
[lambdarank_norm: 1]
[label_gain: ]
[lambdarank_position_bias_regularization: 0]
[eval_at: ]
[multi_error_top_k: 1]
[auc_mu_weights: ]
[num_machines: 1]
[local_listen_port: 12400]
[time_out: 120]
[machine_list_filename: ]
[machines: ]
[gpu_platform_id: -1]
[gpu_device_id: -1]
[gpu_use_dp: 0]
[num_gpu: 1]

end of parameters

pandas_categorical:[[1, 2, 3, 7, 8, 10, 11, 13, 15, 16, 17, 20]]
